customer_id,converted_at,plan,amount_usd
C0023665,2026-04-01 00:04:47,annual,99
C0028581,2026-04-01 00:21:45,annual,99
C0032269,2026-04-01 00:31:04,annual,99
C0025205,2026-04-01 01:03:07,annual,99
C0002471,2026-04-01 01:26:06,monthly,12
C0034168,2026-04-01 01:26:22,annual,99
C0024948,2026-04-01 01:30:40,monthly,12
C0018798,2026-04-01 01:57:30,annual,99
C0036735,2026-04-01 02:02:02,monthly,12
C0037632,2026-04-01 02:16:00,annual,99
C0014421,2026-04-01 02:17:23,annual,99
C0013555,2026-04-01 02:54:45,annual,99
C0033627,2026-04-01 03:08:33,annual,99
C0009475,2026-04-01 04:20:05,annual,99
C0012202,2026-04-01 04:23:09,annual,99
C0025074,2026-04-01 04:25:09,monthly,12
C0013622,2026-04-01 04:33:34,monthly,12
C0031473,2026-04-01 04:51:42,monthly,12
C0029427,2026-04-01 04:52:39,annual,99
C0007604,2026-04-01 05:25:38,annual,99
C0029652,2026-04-01 05:29:13,annual,99
C0027227,2026-04-01 05:31:21,annual,99
C0002502,2026-04-01 06:21:24,annual,99
C0008163,2026-04-01 07:06:20,monthly,12
C0032610,2026-04-01 07:47:59,monthly,12
C0016238,2026-04-01 08:15:38,monthly,12
C0029008,2026-04-01 08:20:06,annual,99
C0011553,2026-04-01 08:21:39,annual,99
C0005766,2026-04-01 08:31:10,monthly,12
C0020943,2026-04-01 08:40:38,annual,99
C0026078,2026-04-01 08:56:53,monthly,12
C0006482,2026-04-01 09:09:35,annual,99
C0021038,2026-04-01 09:11:26,annual,99
C0037337,2026-04-01 10:07:30,annual,99
C0025813,2026-04-01 10:13:03,monthly,12
C0009899,2026-04-01 11:19:19,annual,99
C0028157,2026-04-01 11:23:29,monthly,12
C0002000,2026-04-01 11:35:39,monthly,12
C0017363,2026-04-01 12:08:15,monthly,12
C0028457,2026-04-01 12:50:18,annual,99
C0033769,2026-04-01 12:57:57,annual,99
C0009894,2026-04-01 13:02:29,annual,99
C0010542,2026-04-01 13:34:26,annual,99
C0024493,2026-04-01 13:58:03,annual,99
C0026784,2026-04-01 14:09:55,monthly,12
C0009193,2026-04-01 14:15:43,annual,99
C0020612,2026-04-01 14:18:53,annual,99
C0014515,2026-04-01 14:26:37,monthly,12
C0020456,2026-04-01 14:27:45,annual,99
C0014461,2026-04-01 14:51:08,annual,99
C0006615,2026-04-01 15:08:54,monthly,12
C0006732,2026-04-01 15:23:54,monthly,12
C0030598,2026-04-01 15:24:23,monthly,12
C0014324,2026-04-01 16:28:15,monthly,12
C0028843,2026-04-01 17:01:08,monthly,12
C0014449,2026-04-01 17:52:35,annual,99
C0016923,2026-04-01 18:13:24,annual,99
C0008291,2026-04-01 18:18:02,annual,99
C0009562,2026-04-01 18:40:52,monthly,12
C0014336,2026-04-01 18:59:42,annual,99
C0019503,2026-04-01 19:15:50,monthly,12
C0000059,2026-04-01 19:33:16,monthly,12
C0036689,2026-04-01 19:33:51,annual,99
C0027633,2026-04-01 19:38:29,annual,99
C0039488,2026-04-01 20:09:45,annual,99
C0035431,2026-04-01 20:15:18,annual,99
C0007405,2026-04-01 21:22:17,annual,99
C0019298,2026-04-01 21:31:51,monthly,12
C0032821,2026-04-01 21:53:21,monthly,12
C0003867,2026-04-01 21:53:51,monthly,12
C0025951,2026-04-01 22:05:15,annual,99
C0026504,2026-04-01 22:32:15,monthly,12
C0032727,2026-04-01 22:38:15,monthly,12
C0025339,2026-04-01 22:51:20,monthly,12
C0024973,2026-04-01 23:05:33,annual,99
C0005897,2026-04-01 23:11:51,monthly,12
C0011762,2026-04-01 23:19:28,monthly,12
C0030615,2026-04-02 00:44:58,monthly,12
C0030748,2026-04-02 01:01:12,annual,99
C0026822,2026-04-02 01:13:00,annual,99
C0020844,2026-04-02 01:13:10,annual,99
C0006002,2026-04-02 01:27:57,annual,99
C0010964,2026-04-02 02:23:40,monthly,12
C0027064,2026-04-02 02:26:03,annual,99
C0018860,2026-04-02 03:11:19,annual,99
C0034178,2026-04-02 03:23:16,monthly,12
C0023209,2026-04-02 03:42:26,annual,99
C0016779,2026-04-02 03:42:53,monthly,12
C0012446,2026-04-02 04:05:06,annual,99
C0007378,2026-04-02 05:11:29,annual,99
C0006535,2026-04-02 05:13:36,monthly,12
C0030402,2026-04-02 05:56:19,monthly,12
C0029490,2026-04-02 06:23:27,monthly,12
C0020968,2026-04-02 06:35:27,annual,99
C0012317,2026-04-02 06:53:03,monthly,12
C0012140,2026-04-02 08:18:00,monthly,12
C0026371,2026-04-02 08:52:59,monthly,12
C0000567,2026-04-02 09:00:50,annual,99
C0021829,2026-04-02 09:18:53,annual,99
C0010862,2026-04-02 10:41:49,annual,99
C0030766,2026-04-02 11:16:44,monthly,12
C0017460,2026-04-02 11:40:59,annual,99
C0027647,2026-04-02 11:48:08,annual,99
C0013695,2026-04-02 12:07:29,monthly,12
C0015115,2026-04-02 12:24:16,monthly,12
C0005191,2026-04-02 12:25:07,annual,99
C0031941,2026-04-02 12:41:50,monthly,12
C0014310,2026-04-02 12:42:50,annual,99
C0004795,2026-04-02 12:46:43,annual,99
C0023606,2026-04-02 12:50:26,annual,99
C0028501,2026-04-02 13:12:08,monthly,12
C0017047,2026-04-02 13:24:12,annual,99
C0033932,2026-04-02 13:28:38,annual,99
C0011167,2026-04-02 14:01:08,monthly,12
C0001861,2026-04-02 14:15:32,annual,99
C0038404,2026-04-02 14:34:57,annual,99
C0036634,2026-04-02 14:36:56,monthly,12
C0023373,2026-04-02 14:37:21,monthly,12
C0011984,2026-04-02 14:42:19,annual,99
C0036329,2026-04-02 14:59:47,monthly,12
C0019077,2026-04-02 15:03:54,monthly,12
C0009095,2026-04-02 15:33:07,monthly,12
C0038830,2026-04-02 16:03:23,monthly,12
C0013775,2026-04-02 16:05:29,annual,99
C0013058,2026-04-02 16:53:22,monthly,12
C0017760,2026-04-02 16:58:36,monthly,12
C0032191,2026-04-02 17:03:06,monthly,12
C0009702,2026-04-02 17:18:22,annual,99
C0015615,2026-04-02 17:21:05,annual,99
C0019009,2026-04-02 18:35:24,monthly,12
C0006299,2026-04-02 18:36:49,annual,99
C0023439,2026-04-02 18:50:39,annual,99
C0031805,2026-04-02 19:29:48,annual,99
C0011522,2026-04-02 21:01:16,annual,99
C0038938,2026-04-02 21:22:48,annual,99
C0005256,2026-04-02 21:59:13,monthly,12
C0017593,2026-04-02 22:03:35,monthly,12
C0038033,2026-04-02 22:28:58,monthly,12
C0032080,2026-04-02 23:49:47,monthly,12
C0001958,2026-04-03 00:04:21,monthly,12
C0037765,2026-04-03 00:17:30,monthly,12
C0000502,2026-04-03 00:35:27,annual,99
C0037719,2026-04-03 00:40:19,monthly,12
C0027499,2026-04-03 01:24:51,monthly,12
C0025732,2026-04-03 01:41:53,monthly,12
C0008604,2026-04-03 02:12:50,monthly,12
C0030178,2026-04-03 02:29:02,monthly,12
C0036191,2026-04-03 02:41:51,monthly,12
C0034292,2026-04-03 02:54:22,monthly,12
C0000927,2026-04-03 02:57:11,monthly,12
C0038205,2026-04-03 03:01:45,monthly,12
C0001407,2026-04-03 03:06:15,monthly,12
C0018692,2026-04-03 05:03:54,annual,99
C0008361,2026-04-03 05:18:11,annual,99
C0017407,2026-04-03 05:24:28,annual,99
C0002917,2026-04-03 05:26:11,monthly,12
C0010892,2026-04-03 05:44:44,monthly,12
C0001773,2026-04-03 05:52:22,annual,99
C0009091,2026-04-03 06:11:08,monthly,12
C0020393,2026-04-03 06:22:32,monthly,12
C0017823,2026-04-03 06:32:49,monthly,12
C0024319,2026-04-03 07:25:53,annual,99
C0028931,2026-04-03 07:32:48,annual,99
C0019269,2026-04-03 08:19:10,monthly,12
C0003574,2026-04-03 08:33:30,annual,99
C0002829,2026-04-03 08:54:22,annual,99
C0007243,2026-04-03 09:05:55,annual,99
C0018134,2026-04-03 09:09:06,monthly,12
C0011386,2026-04-03 09:37:57,monthly,12
C0013237,2026-04-03 10:50:59,monthly,12
C0020428,2026-04-03 11:43:42,monthly,12
C0004053,2026-04-03 11:44:30,monthly,12
C0037282,2026-04-03 12:22:06,annual,99
C0015807,2026-04-03 12:27:13,monthly,12
C0032432,2026-04-03 12:32:59,annual,99
C0030051,2026-04-03 12:38:36,annual,99
C0020869,2026-04-03 12:59:07,annual,99
C0022882,2026-04-03 13:09:18,monthly,12
C0012025,2026-04-03 13:19:19,annual,99
C0002054,2026-04-03 13:51:53,monthly,12
C0031925,2026-04-03 14:09:43,monthly,12
C0030652,2026-04-03 14:31:09,annual,99
C0019883,2026-04-03 14:49:22,monthly,12
C0026029,2026-04-03 14:54:02,monthly,12
C0039900,2026-04-03 15:46:29,annual,99
C0012776,2026-04-03 16:27:22,annual,99
C0004881,2026-04-03 16:35:22,annual,99
C0014403,2026-04-03 16:55:53,monthly,12
C0026470,2026-04-03 17:28:45,monthly,12
C0037968,2026-04-03 17:34:15,annual,99
C0008031,2026-04-03 17:45:27,annual,99
C0022110,2026-04-03 17:56:22,annual,99
C0030311,2026-04-03 19:35:28,monthly,12
C0024644,2026-04-03 19:59:36,annual,99
C0002589,2026-04-03 20:18:28,annual,99
C0015798,2026-04-03 20:25:37,monthly,12
C0020503,2026-04-03 20:27:32,annual,99
C0035328,2026-04-03 20:32:58,annual,99
C0026354,2026-04-03 21:46:39,monthly,12
C0007726,2026-04-03 21:47:41,monthly,12
C0002676,2026-04-03 21:50:08,annual,99
C0006161,2026-04-03 22:44:27,annual,99
C0009151,2026-04-03 22:56:43,annual,99
C0010059,2026-04-03 23:23:35,annual,99
C0034209,2026-04-03 23:24:45,monthly,12
C0015391,2026-04-03 23:51:42,monthly,12
C0014440,2026-04-04 00:18:26,annual,99
C0031651,2026-04-04 00:34:13,monthly,12
C0014607,2026-04-04 00:53:14,annual,99
C0035324,2026-04-04 01:04:16,annual,99
C0018975,2026-04-04 01:35:55,annual,99
C0027090,2026-04-04 01:41:57,monthly,12
C0024920,2026-04-04 01:51:22,monthly,12
C0009437,2026-04-04 02:26:23,monthly,12
C0017466,2026-04-04 02:26:57,monthly,12
C0003789,2026-04-04 02:37:05,annual,99
C0034748,2026-04-04 02:51:06,annual,99
C0031341,2026-04-04 03:19:05,monthly,12
C0020437,2026-04-04 03:20:27,monthly,12
C0006953,2026-04-04 03:37:13,monthly,12
C0038481,2026-04-04 04:02:15,annual,99
C0039473,2026-04-04 04:14:36,monthly,12
C0010758,2026-04-04 04:31:02,annual,99
C0005689,2026-04-04 05:07:00,monthly,12
C0005383,2026-04-04 05:41:45,annual,99
C0030070,2026-04-04 05:42:55,annual,99
C0021359,2026-04-04 06:20:44,annual,99
C0025901,2026-04-04 06:35:02,monthly,12
C0004137,2026-04-04 06:43:46,monthly,12
C0004578,2026-04-04 07:07:00,annual,99
C0031677,2026-04-04 07:23:23,monthly,12
C0016853,2026-04-04 07:24:33,monthly,12
C0035965,2026-04-04 07:37:41,monthly,12
C0025665,2026-04-04 08:44:05,annual,99
C0011895,2026-04-04 09:18:19,annual,99
C0006782,2026-04-04 09:49:17,annual,99
C0004908,2026-04-04 09:50:58,annual,99
C0009339,2026-04-04 10:39:44,annual,99
C0013921,2026-04-04 10:52:03,annual,99
C0016483,2026-04-04 12:15:22,annual,99
C0008348,2026-04-04 13:53:16,monthly,12
C0032670,2026-04-04 13:54:34,monthly,12
C0020543,2026-04-04 13:57:20,annual,99
C0001084,2026-04-04 14:06:48,monthly,12
C0015963,2026-04-04 14:23:53,monthly,12
C0024266,2026-04-04 14:34:55,monthly,12
C0004802,2026-04-04 15:43:04,annual,99
C0029596,2026-04-04 15:44:51,monthly,12
C0001384,2026-04-04 16:08:49,monthly,12
C0013204,2026-04-04 16:19:20,monthly,12
C0013636,2026-04-04 16:26:29,monthly,12
C0009512,2026-04-04 16:42:34,annual,99
C0024769,2026-04-04 16:42:38,annual,99
C0030423,2026-04-04 16:44:25,annual,99
C0028082,2026-04-04 17:09:25,annual,99
C0022398,2026-04-04 17:46:23,annual,99
C0033280,2026-04-04 17:50:42,monthly,12
C0024737,2026-04-04 18:00:54,annual,99
C0014927,2026-04-04 18:33:11,annual,99
C0020466,2026-04-04 19:12:37,monthly,12
C0032549,2026-04-04 19:32:05,annual,99
C0034412,2026-04-04 20:48:28,monthly,12
C0028500,2026-04-04 20:52:18,annual,99
C0012750,2026-04-04 21:05:49,monthly,12
C0032532,2026-04-04 21:06:34,monthly,12
C0016399,2026-04-04 21:14:35,annual,99
C0023369,2026-04-04 21:29:46,annual,99
C0009617,2026-04-04 21:37:14,monthly,12
C0008120,2026-04-04 21:37:45,annual,99
C0026380,2026-04-04 21:48:44,monthly,12
C0034907,2026-04-04 21:56:02,annual,99
C0022990,2026-04-04 22:11:09,annual,99
C0036869,2026-04-04 22:16:46,annual,99
C0014008,2026-04-04 22:57:22,annual,99
C0029578,2026-04-04 23:59:57,monthly,12
C0001692,2026-04-05 00:26:53,annual,99
C0039574,2026-04-05 00:43:07,monthly,12
C0005235,2026-04-05 01:15:42,monthly,12
C0006629,2026-04-05 01:33:03,annual,99
C0033783,2026-04-05 02:10:18,monthly,12
C0009397,2026-04-05 02:39:54,annual,99
C0000833,2026-04-05 03:07:35,annual,99
C0020641,2026-04-05 03:15:13,monthly,12
C0022682,2026-04-05 04:53:04,annual,99
C0033185,2026-04-05 05:09:36,monthly,12
C0037318,2026-04-05 05:40:09,annual,99
C0002224,2026-04-05 05:40:11,monthly,12
C0033740,2026-04-05 06:01:34,monthly,12
C0017426,2026-04-05 06:30:13,annual,99
C0021533,2026-04-05 07:13:19,monthly,12
C0035319,2026-04-05 07:20:00,monthly,12
C0002704,2026-04-05 07:40:03,monthly,12
C0018001,2026-04-05 08:23:09,annual,99
C0027432,2026-04-05 08:47:53,annual,99
C0037068,2026-04-05 09:09:04,annual,99
C0018081,2026-04-05 09:25:23,monthly,12
C0025695,2026-04-05 09:25:37,monthly,12
C0022414,2026-04-05 10:09:54,annual,99
C0030364,2026-04-05 10:12:16,monthly,12
C0032968,2026-04-05 10:16:39,monthly,12
C0035375,2026-04-05 11:00:12,annual,99
C0021808,2026-04-05 11:01:30,annual,99
C0003381,2026-04-05 11:20:47,annual,99
C0027496,2026-04-05 11:24:06,monthly,12
C0007512,2026-04-05 11:28:45,annual,99
C0017619,2026-04-05 12:08:44,monthly,12
C0023264,2026-04-05 12:31:10,annual,99
C0008506,2026-04-05 12:51:07,annual,99
C0004133,2026-04-05 12:55:01,annual,99
C0013105,2026-04-05 13:01:19,monthly,12
C0009432,2026-04-05 13:04:48,monthly,12
C0037618,2026-04-05 13:22:22,annual,99
C0011395,2026-04-05 13:23:44,monthly,12
C0016388,2026-04-05 13:25:25,annual,99
C0030450,2026-04-05 13:45:03,annual,99
C0037192,2026-04-05 14:02:04,annual,99
C0007423,2026-04-05 14:44:48,annual,99
C0026058,2026-04-05 14:55:56,annual,99
C0031598,2026-04-05 15:04:11,monthly,12
C0032601,2026-04-05 15:05:01,annual,99
C0012630,2026-04-05 15:18:29,monthly,12
C0024611,2026-04-05 15:23:55,annual,99
C0016124,2026-04-05 15:39:43,annual,99
C0022911,2026-04-05 15:54:24,annual,99
C0033453,2026-04-05 16:04:26,annual,99
C0002538,2026-04-05 16:04:43,monthly,12
C0030025,2026-04-05 16:22:42,annual,99
C0022119,2026-04-05 17:10:06,annual,99
C0027842,2026-04-05 17:23:06,annual,99
C0020945,2026-04-05 18:07:15,monthly,12
C0030578,2026-04-05 18:36:22,monthly,12
C0025038,2026-04-05 19:06:30,annual,99
C0021978,2026-04-05 19:08:33,monthly,12
C0011365,2026-04-05 19:13:47,annual,99
C0034369,2026-04-05 19:18:24,annual,99
C0000379,2026-04-05 19:27:51,annual,99
C0031384,2026-04-05 19:29:59,monthly,12
C0006819,2026-04-05 19:34:21,monthly,12
C0036490,2026-04-05 19:42:37,monthly,12
C0024112,2026-04-05 19:46:11,monthly,12
C0030371,2026-04-05 20:11:02,monthly,12
C0039959,2026-04-05 20:27:30,annual,99
C0015133,2026-04-05 20:33:48,annual,99
C0018175,2026-04-05 20:39:05,monthly,12
C0009145,2026-04-05 21:57:56,monthly,12
C0038962,2026-04-05 22:25:01,monthly,12
C0002605,2026-04-05 22:54:54,monthly,12
C0029753,2026-04-05 23:01:53,monthly,12
C0017319,2026-04-05 23:25:56,monthly,12
C0023584,2026-04-05 23:38:55,monthly,12
C0014559,2026-04-06 00:18:39,monthly,12
C0008050,2026-04-06 00:29:32,annual,99
C0012351,2026-04-06 00:50:03,annual,99
C0002880,2026-04-06 01:20:55,annual,99
C0007540,2026-04-06 02:16:03,annual,99
C0039104,2026-04-06 02:41:18,annual,99
C0005916,2026-04-06 03:16:56,monthly,12
C0005887,2026-04-06 03:27:56,monthly,12
C0004417,2026-04-06 04:04:39,monthly,12
C0015285,2026-04-06 04:07:53,monthly,12
C0014006,2026-04-06 04:35:51,monthly,12
C0019183,2026-04-06 05:40:29,annual,99
C0010434,2026-04-06 05:55:43,annual,99
C0026638,2026-04-06 06:09:12,annual,99
C0009352,2026-04-06 06:16:35,annual,99
C0010541,2026-04-06 07:13:21,monthly,12
C0032493,2026-04-06 07:15:06,monthly,12
C0011126,2026-04-06 07:32:16,annual,99
C0031347,2026-04-06 08:01:28,annual,99
C0023273,2026-04-06 08:10:29,monthly,12
C0012486,2026-04-06 08:21:32,monthly,12
C0008345,2026-04-06 09:00:18,monthly,12
C0017768,2026-04-06 09:17:11,monthly,12
C0016760,2026-04-06 09:18:50,annual,99
C0015831,2026-04-06 10:15:00,monthly,12
C0014565,2026-04-06 10:15:01,monthly,12
C0014454,2026-04-06 10:17:18,monthly,12
C0023422,2026-04-06 10:18:15,annual,99
C0030899,2026-04-06 10:19:59,monthly,12
C0031816,2026-04-06 10:44:57,monthly,12
C0005749,2026-04-06 11:48:38,monthly,12
C0029406,2026-04-06 12:18:26,annual,99
C0024452,2026-04-06 12:38:10,monthly,12
C0028368,2026-04-06 12:44:27,annual,99
C0002215,2026-04-06 12:56:15,monthly,12
C0016946,2026-04-06 13:22:44,monthly,12
C0036227,2026-04-06 13:47:58,annual,99
C0008818,2026-04-06 13:57:18,annual,99
C0039877,2026-04-06 14:24:42,annual,99
C0021556,2026-04-06 14:33:32,monthly,12
C0036475,2026-04-06 15:50:49,annual,99
C0020496,2026-04-06 16:01:54,monthly,12
C0030000,2026-04-06 16:16:37,monthly,12
C0003330,2026-04-06 16:17:10,monthly,12
C0017818,2026-04-06 17:42:34,monthly,12
C0019332,2026-04-06 18:11:34,monthly,12
C0036253,2026-04-06 18:27:54,annual,99
C0005197,2026-04-06 18:28:10,monthly,12
C0031991,2026-04-06 18:31:44,monthly,12
C0017888,2026-04-06 18:32:02,monthly,12
C0029021,2026-04-06 18:32:05,annual,99
C0009519,2026-04-06 18:48:20,annual,99
C0037008,2026-04-06 19:41:50,monthly,12
C0024295,2026-04-06 19:43:40,annual,99
C0006308,2026-04-06 19:44:04,annual,99
C0010246,2026-04-06 20:44:29,annual,99
C0013290,2026-04-06 20:55:19,monthly,12
C0009607,2026-04-06 21:03:36,monthly,12
C0038085,2026-04-06 21:52:24,monthly,12
C0004212,2026-04-06 22:06:50,annual,99
C0027377,2026-04-06 22:30:39,monthly,12
C0021970,2026-04-06 22:33:00,annual,99
C0012839,2026-04-06 22:50:31,annual,99
C0039776,2026-04-06 23:56:11,monthly,12
C0010719,2026-04-07 00:12:28,annual,99
C0007641,2026-04-07 00:30:06,annual,99
C0028476,2026-04-07 00:43:42,annual,99
C0039147,2026-04-07 00:51:50,monthly,12
C0039569,2026-04-07 01:15:21,annual,99
C0019047,2026-04-07 01:38:24,monthly,12
C0033526,2026-04-07 01:58:35,monthly,12
C0024908,2026-04-07 02:32:26,annual,99
C0021618,2026-04-07 03:04:18,annual,99
C0006458,2026-04-07 03:27:27,annual,99
C0003815,2026-04-07 04:10:59,annual,99
C0028490,2026-04-07 04:22:50,monthly,12
C0027068,2026-04-07 04:41:03,annual,99
C0033132,2026-04-07 04:58:28,monthly,12
C0009602,2026-04-07 05:56:19,monthly,12
C0028294,2026-04-07 06:05:32,monthly,12
C0005702,2026-04-07 06:22:31,annual,99
C0013825,2026-04-07 07:15:13,monthly,12
C0024064,2026-04-07 07:42:14,monthly,12
C0034704,2026-04-07 08:01:11,monthly,12
C0009664,2026-04-07 08:04:11,annual,99
C0007733,2026-04-07 08:04:59,monthly,12
C0035450,2026-04-07 08:05:38,annual,99
C0002228,2026-04-07 08:23:29,monthly,12
C0039736,2026-04-07 08:32:25,annual,99
C0034533,2026-04-07 08:38:26,annual,99
C0024846,2026-04-07 09:58:31,monthly,12
C0020197,2026-04-07 10:02:10,monthly,12
C0013115,2026-04-07 10:27:21,monthly,12
C0028909,2026-04-07 12:20:06,annual,99
C0035472,2026-04-07 13:03:59,monthly,12
C0022575,2026-04-07 13:43:53,annual,99
C0005931,2026-04-07 13:47:25,annual,99
C0006003,2026-04-07 15:32:58,annual,99
C0010885,2026-04-07 16:12:03,annual,99
C0032729,2026-04-07 17:02:17,annual,99
C0036638,2026-04-07 17:27:35,annual,99
C0000731,2026-04-07 17:32:51,monthly,12
C0035666,2026-04-07 17:43:21,annual,99
C0030925,2026-04-07 17:54:20,monthly,12
C0007249,2026-04-07 18:03:35,monthly,12
C0028486,2026-04-07 18:07:15,annual,99
C0004151,2026-04-07 18:47:17,monthly,12
C0012040,2026-04-07 19:35:50,monthly,12
C0016076,2026-04-07 19:50:46,annual,99
C0012587,2026-04-07 20:45:21,monthly,12
C0010373,2026-04-07 20:47:02,annual,99
C0019618,2026-04-07 20:55:04,annual,99
C0013134,2026-04-07 21:46:16,monthly,12
C0022872,2026-04-07 21:51:33,monthly,12
C0034155,2026-04-07 22:06:37,monthly,12
C0007526,2026-04-07 22:43:22,annual,99
C0014148,2026-04-07 22:51:25,monthly,12
C0038472,2026-04-07 23:16:54,annual,99
C0039865,2026-04-07 23:48:37,monthly,12
C0024436,2026-04-08 00:06:36,monthly,12
C0004647,2026-04-08 00:24:12,monthly,12
C0000020,2026-04-08 00:40:23,monthly,12
C0038210,2026-04-08 01:19:33,annual,99
C0003590,2026-04-08 02:12:55,monthly,12
C0022998,2026-04-08 02:35:48,monthly,12
C0002379,2026-04-08 02:43:02,annual,99
C0003855,2026-04-08 03:24:12,monthly,12
C0001710,2026-04-08 03:24:52,monthly,12
C0023347,2026-04-08 04:22:30,annual,99
C0028714,2026-04-08 04:29:33,annual,99
C0010506,2026-04-08 05:06:27,monthly,12
C0001487,2026-04-08 05:11:46,monthly,12
C0023615,2026-04-08 05:13:44,monthly,12
C0039476,2026-04-08 05:23:59,annual,99
C0037824,2026-04-08 06:07:16,monthly,12
C0026154,2026-04-08 07:54:02,monthly,12
C0031497,2026-04-08 08:25:46,monthly,12
C0028245,2026-04-08 09:08:36,annual,99
C0021296,2026-04-08 09:17:49,annual,99
C0023342,2026-04-08 09:34:58,annual,99
C0039085,2026-04-08 09:47:25,annual,99
C0021229,2026-04-08 09:56:37,monthly,12
C0014496,2026-04-08 10:03:16,annual,99
C0004258,2026-04-08 10:06:25,annual,99
C0029890,2026-04-08 10:10:15,monthly,12
C0005635,2026-04-08 10:11:57,annual,99
C0004730,2026-04-08 10:59:15,monthly,12
C0001381,2026-04-08 11:00:01,annual,99
C0029433,2026-04-08 12:07:36,annual,99
C0037960,2026-04-08 12:47:46,monthly,12
C0036786,2026-04-08 13:32:47,monthly,12
C0003792,2026-04-08 13:35:03,monthly,12
C0024773,2026-04-08 14:14:50,annual,99
C0004892,2026-04-08 14:15:15,annual,99
C0012389,2026-04-08 14:33:21,monthly,12
C0011284,2026-04-08 14:37:20,monthly,12
C0007305,2026-04-08 14:47:06,monthly,12
C0018136,2026-04-08 15:34:59,monthly,12
C0016451,2026-04-08 15:52:51,annual,99
C0010533,2026-04-08 17:05:15,monthly,12
C0038278,2026-04-08 17:27:35,monthly,12
C0022617,2026-04-08 17:35:01,monthly,12
C0015785,2026-04-08 18:04:58,monthly,12
C0012391,2026-04-08 18:11:00,annual,99
C0036643,2026-04-08 18:11:25,annual,99
C0017241,2026-04-08 19:46:03,monthly,12
C0025825,2026-04-08 20:25:06,annual,99
C0032132,2026-04-08 21:02:23,monthly,12
C0002896,2026-04-08 21:24:17,monthly,12
C0002637,2026-04-08 22:04:51,annual,99
C0011107,2026-04-08 22:24:31,monthly,12
C0015121,2026-04-08 22:38:12,monthly,12
C0017435,2026-04-08 22:47:46,monthly,12
C0026288,2026-04-08 23:41:29,annual,99
C0015164,2026-04-09 01:04:38,monthly,12
C0033056,2026-04-09 01:05:04,monthly,12
C0017211,2026-04-09 01:07:51,monthly,12
C0002912,2026-04-09 01:10:08,monthly,12
C0010768,2026-04-09 01:15:00,monthly,12
C0014169,2026-04-09 01:22:40,annual,99
C0032031,2026-04-09 02:07:13,monthly,12
C0032240,2026-04-09 02:45:58,monthly,12
C0028323,2026-04-09 03:30:50,monthly,12
C0021282,2026-04-09 03:35:00,monthly,12
C0004920,2026-04-09 04:15:30,annual,99
C0035640,2026-04-09 04:27:06,monthly,12
C0029872,2026-04-09 05:20:56,annual,99
C0021232,2026-04-09 05:52:59,annual,99
C0014364,2026-04-09 06:01:03,monthly,12
C0031751,2026-04-09 06:39:08,annual,99
C0036956,2026-04-09 06:50:12,monthly,12
C0006580,2026-04-09 07:24:28,annual,99
C0008493,2026-04-09 08:06:42,annual,99
C0024664,2026-04-09 08:09:21,monthly,12
C0022878,2026-04-09 09:51:50,annual,99
C0039406,2026-04-09 10:38:12,annual,99
C0017439,2026-04-09 11:07:10,annual,99
C0012501,2026-04-09 13:30:57,annual,99
C0021941,2026-04-09 13:31:33,annual,99
C0015339,2026-04-09 13:37:55,monthly,12
C0003461,2026-04-09 14:07:50,monthly,12
C0038600,2026-04-09 14:21:49,monthly,12
C0006171,2026-04-09 14:22:40,annual,99
C0006295,2026-04-09 14:28:21,annual,99
C0007137,2026-04-09 14:28:48,annual,99
C0030202,2026-04-09 14:43:03,annual,99
C0015525,2026-04-09 14:46:55,annual,99
C0007313,2026-04-09 15:20:42,annual,99
C0007359,2026-04-09 15:22:19,annual,99
C0015693,2026-04-09 15:38:42,annual,99
C0000217,2026-04-09 17:40:05,annual,99
C0012532,2026-04-09 17:50:21,monthly,12
C0029692,2026-04-09 18:09:05,monthly,12
C0030644,2026-04-09 18:55:30,annual,99
C0018634,2026-04-09 21:35:06,annual,99
C0027015,2026-04-09 21:49:45,annual,99
C0019938,2026-04-09 22:35:32,monthly,12
C0016984,2026-04-09 22:47:49,monthly,12
C0012495,2026-04-09 22:48:43,annual,99
C0021834,2026-04-09 23:00:56,annual,99
C0000676,2026-04-09 23:15:02,monthly,12
C0002186,2026-04-09 23:16:33,annual,99
C0027439,2026-04-09 23:58:33,annual,99
C0037976,2026-04-10 00:53:57,annual,99
C0023466,2026-04-10 01:05:00,monthly,12
C0002778,2026-04-10 01:12:01,annual,99
C0031490,2026-04-10 01:37:54,annual,99
C0022904,2026-04-10 01:41:31,monthly,12
C0015898,2026-04-10 02:33:41,annual,99
C0019312,2026-04-10 04:05:45,annual,99
C0033981,2026-04-10 04:11:27,monthly,12
C0006680,2026-04-10 04:14:03,annual,99
C0007729,2026-04-10 04:55:49,annual,99
C0028350,2026-04-10 05:08:18,annual,99
C0004752,2026-04-10 05:28:03,annual,99
C0029271,2026-04-10 05:51:35,annual,99
C0010316,2026-04-10 05:57:12,monthly,12
C0033193,2026-04-10 05:59:26,monthly,12
C0012918,2026-04-10 06:04:40,monthly,12
C0005779,2026-04-10 07:04:48,annual,99
C0031339,2026-04-10 07:06:21,annual,99
C0005102,2026-04-10 07:10:09,annual,99
C0033721,2026-04-10 07:36:55,annual,99
C0024703,2026-04-10 07:53:10,monthly,12
C0002506,2026-04-10 08:29:20,monthly,12
C0002670,2026-04-10 08:31:41,monthly,12
C0025057,2026-04-10 10:08:14,annual,99
C0020401,2026-04-10 10:19:06,annual,99
C0003802,2026-04-10 10:36:33,annual,99
C0030230,2026-04-10 11:06:52,annual,99
C0033776,2026-04-10 11:14:11,monthly,12
C0028705,2026-04-10 11:26:30,monthly,12
C0010906,2026-04-10 11:44:38,monthly,12
C0027758,2026-04-10 12:10:23,monthly,12
C0027613,2026-04-10 13:03:24,annual,99
C0013702,2026-04-10 13:24:35,annual,99
C0029704,2026-04-10 13:31:04,annual,99
C0014518,2026-04-10 14:16:18,annual,99
C0022424,2026-04-10 15:07:27,monthly,12
C0014198,2026-04-10 16:55:29,monthly,12
C0027894,2026-04-10 17:51:21,annual,99
C0009004,2026-04-10 17:58:54,annual,99
C0014837,2026-04-10 18:04:35,monthly,12
C0029246,2026-04-10 18:50:07,annual,99
C0010070,2026-04-10 19:16:36,annual,99
C0015074,2026-04-10 19:27:30,annual,99
C0021928,2026-04-10 19:31:21,monthly,12
C0025975,2026-04-10 19:45:15,annual,99
C0031069,2026-04-10 19:52:06,monthly,12
C0026013,2026-04-10 20:08:12,monthly,12
C0024549,2026-04-10 20:17:22,annual,99
C0032925,2026-04-10 21:32:03,monthly,12
C0007464,2026-04-10 22:42:46,monthly,12
C0033406,2026-04-10 23:04:30,annual,99
C0029747,2026-04-10 23:16:45,annual,99
C0036098,2026-04-10 23:46:16,annual,99
C0013368,2026-04-11 00:08:11,monthly,12
C0014787,2026-04-11 00:13:29,annual,99
C0008165,2026-04-11 00:14:12,monthly,12
C0022249,2026-04-11 00:34:44,annual,99
C0032104,2026-04-11 00:40:24,annual,99
C0024643,2026-04-11 00:49:17,monthly,12
C0034951,2026-04-11 00:57:19,annual,99
C0002595,2026-04-11 01:02:24,monthly,12
C0015406,2026-04-11 01:30:14,monthly,12
C0022665,2026-04-11 01:39:29,monthly,12
C0000944,2026-04-11 01:51:51,annual,99
C0019554,2026-04-11 01:54:38,annual,99
C0004290,2026-04-11 02:43:20,annual,99
C0008657,2026-04-11 03:10:27,annual,99
C0038809,2026-04-11 03:23:40,annual,99
C0038684,2026-04-11 03:56:42,monthly,12
C0011340,2026-04-11 05:59:38,monthly,12
C0026891,2026-04-11 06:42:13,monthly,12
C0026722,2026-04-11 07:09:51,monthly,12
C0020934,2026-04-11 07:15:44,annual,99
C0036012,2026-04-11 07:43:04,monthly,12
C0002327,2026-04-11 08:02:52,monthly,12
C0038366,2026-04-11 08:04:20,monthly,12
C0000141,2026-04-11 08:04:54,monthly,12
C0007060,2026-04-11 08:48:06,monthly,12
C0032365,2026-04-11 08:51:19,monthly,12
C0034279,2026-04-11 08:59:37,monthly,12
C0001684,2026-04-11 09:02:47,annual,99
C0014287,2026-04-11 09:16:36,monthly,12
C0020638,2026-04-11 09:19:50,monthly,12
C0031281,2026-04-11 09:21:52,monthly,12
C0018897,2026-04-11 10:03:45,annual,99
C0033507,2026-04-11 10:08:50,annual,99
C0001818,2026-04-11 10:11:22,annual,99
C0015735,2026-04-11 11:06:03,annual,99
C0015134,2026-04-11 11:17:34,monthly,12
C0025925,2026-04-11 11:20:28,annual,99
C0002927,2026-04-11 11:30:10,monthly,12
C0008580,2026-04-11 11:32:04,annual,99
C0030525,2026-04-11 11:39:21,monthly,12
C0023304,2026-04-11 11:50:39,annual,99
C0032774,2026-04-11 12:32:50,annual,99
C0026614,2026-04-11 12:49:37,annual,99
C0017326,2026-04-11 14:46:59,annual,99
C0026450,2026-04-11 14:50:00,monthly,12
C0035264,2026-04-11 15:24:51,annual,99
C0035311,2026-04-11 15:35:51,annual,99
C0034596,2026-04-11 15:49:42,monthly,12
C0023518,2026-04-11 16:00:02,annual,99
C0032791,2026-04-11 16:37:41,annual,99
C0027272,2026-04-11 17:25:27,monthly,12
C0013580,2026-04-11 17:59:00,annual,99
C0029306,2026-04-11 18:35:35,annual,99
C0002089,2026-04-11 18:52:08,monthly,12
C0031259,2026-04-11 19:57:14,monthly,12
C0008327,2026-04-11 20:07:30,monthly,12
C0030074,2026-04-11 21:39:12,monthly,12
C0024315,2026-04-11 22:03:53,annual,99
C0001414,2026-04-11 22:06:05,monthly,12
C0029875,2026-04-11 22:07:06,monthly,12
C0023856,2026-04-11 22:18:30,monthly,12
C0003056,2026-04-11 22:24:55,annual,99
C0016304,2026-04-11 22:40:37,monthly,12
C0003302,2026-04-11 22:42:10,annual,99
C0028958,2026-04-11 23:01:11,monthly,12
C0018494,2026-04-11 23:16:31,annual,99
C0002647,2026-04-11 23:31:24,annual,99
C0032279,2026-04-12 00:13:55,annual,99
C0027187,2026-04-12 00:18:31,monthly,12
C0033538,2026-04-12 00:19:09,monthly,12
C0013936,2026-04-12 00:51:04,monthly,12
C0016390,2026-04-12 01:14:28,monthly,12
C0014393,2026-04-12 01:14:32,monthly,12
C0011773,2026-04-12 01:16:51,monthly,12
C0033884,2026-04-12 02:17:32,monthly,12
C0039962,2026-04-12 02:23:48,annual,99
C0009116,2026-04-12 02:28:40,monthly,12
C0018540,2026-04-12 02:47:55,monthly,12
C0030771,2026-04-12 02:57:16,monthly,12
C0030042,2026-04-12 03:25:16,annual,99
C0024102,2026-04-12 03:40:38,annual,99
C0026068,2026-04-12 03:42:54,annual,99
C0023742,2026-04-12 04:35:08,annual,99
C0030360,2026-04-12 05:17:09,annual,99
C0024512,2026-04-12 05:52:24,monthly,12
C0036503,2026-04-12 06:06:54,monthly,12
C0006039,2026-04-12 06:17:47,monthly,12
C0011746,2026-04-12 06:22:24,monthly,12
C0028401,2026-04-12 06:26:48,annual,99
C0009460,2026-04-12 06:35:44,annual,99
C0015955,2026-04-12 07:10:02,monthly,12
C0023300,2026-04-12 07:18:41,monthly,12
C0030166,2026-04-12 07:27:44,monthly,12
C0032171,2026-04-12 07:59:17,monthly,12
C0025419,2026-04-12 08:11:33,annual,99
C0009319,2026-04-12 08:16:08,annual,99
C0023079,2026-04-12 08:30:48,annual,99
C0006276,2026-04-12 08:42:33,annual,99
C0033556,2026-04-12 09:22:14,monthly,12
C0023691,2026-04-12 09:31:39,annual,99
C0012579,2026-04-12 09:43:36,monthly,12
C0021909,2026-04-12 09:59:55,monthly,12
C0035115,2026-04-12 10:12:59,annual,99
C0018838,2026-04-12 10:31:39,monthly,12
C0018895,2026-04-12 11:28:04,monthly,12
C0031266,2026-04-12 12:53:43,monthly,12
C0008938,2026-04-12 12:54:34,monthly,12
C0002572,2026-04-12 12:55:42,annual,99
C0033018,2026-04-12 13:18:09,monthly,12
C0039835,2026-04-12 13:28:16,annual,99
C0022730,2026-04-12 13:39:57,annual,99
C0019908,2026-04-12 13:45:58,annual,99
C0010331,2026-04-12 14:38:14,monthly,12
C0022877,2026-04-12 14:42:14,monthly,12
C0035634,2026-04-12 15:05:25,monthly,12
C0022915,2026-04-12 16:15:57,annual,99
C0020134,2026-04-12 16:33:53,monthly,12
C0036533,2026-04-12 17:04:31,monthly,12
C0035043,2026-04-12 17:06:37,annual,99
C0029143,2026-04-12 17:53:54,annual,99
C0010544,2026-04-12 18:28:58,monthly,12
C0024129,2026-04-12 19:00:52,annual,99
C0006761,2026-04-12 19:07:15,monthly,12
C0033003,2026-04-12 19:21:57,annual,99
C0033604,2026-04-12 19:35:11,monthly,12
C0015948,2026-04-12 19:35:41,annual,99
C0001881,2026-04-12 19:51:20,monthly,12
C0005827,2026-04-12 19:57:38,annual,99
C0025031,2026-04-12 20:25:07,monthly,12
C0003448,2026-04-12 20:34:48,annual,99
C0022630,2026-04-12 20:57:56,annual,99
C0014891,2026-04-12 21:08:12,annual,99
C0018212,2026-04-12 21:17:45,monthly,12
C0021501,2026-04-12 21:33:25,monthly,12
C0038623,2026-04-12 21:53:38,annual,99
C0033504,2026-04-12 22:44:48,annual,99
C0027139,2026-04-12 22:57:47,annual,99
C0003818,2026-04-12 23:05:24,annual,99
C0022210,2026-04-12 23:13:51,annual,99
C0034043,2026-04-12 23:22:51,annual,99
C0036824,2026-04-12 23:41:09,annual,99
C0032254,2026-04-12 23:42:24,monthly,12
C0014736,2026-04-12 23:43:19,annual,99
C0020514,2026-04-12 23:56:11,annual,99
C0027478,2026-04-13 00:27:29,annual,99
C0021084,2026-04-13 01:14:43,annual,99
C0026176,2026-04-13 02:03:12,annual,99
C0003830,2026-04-13 02:04:32,annual,99
C0034480,2026-04-13 02:10:03,monthly,12
C0023245,2026-04-13 02:23:30,monthly,12
C0003622,2026-04-13 02:26:12,annual,99
C0026138,2026-04-13 02:33:31,annual,99
C0035813,2026-04-13 02:43:28,annual,99
C0016725,2026-04-13 02:50:33,annual,99
C0013755,2026-04-13 03:04:58,annual,99
C0011124,2026-04-13 03:31:11,annual,99
C0008350,2026-04-13 05:34:00,annual,99
C0019738,2026-04-13 06:48:30,annual,99
C0004187,2026-04-13 07:28:05,monthly,12
C0031464,2026-04-13 07:40:52,monthly,12
C0023315,2026-04-13 09:02:44,monthly,12
C0012030,2026-04-13 09:32:40,annual,99
C0002370,2026-04-13 09:37:00,annual,99
C0021915,2026-04-13 09:44:53,annual,99
C0014957,2026-04-13 10:55:46,monthly,12
C0019679,2026-04-13 11:18:58,annual,99
C0006520,2026-04-13 11:27:51,monthly,12
C0033284,2026-04-13 11:54:37,monthly,12
C0034640,2026-04-13 12:06:49,monthly,12
C0005409,2026-04-13 12:14:00,monthly,12
C0037599,2026-04-13 13:10:08,monthly,12
C0034734,2026-04-13 13:11:20,monthly,12
C0018392,2026-04-13 13:24:04,monthly,12
C0021011,2026-04-13 13:49:51,annual,99
C0032879,2026-04-13 13:55:23,monthly,12
C0013520,2026-04-13 13:57:30,annual,99
C0017746,2026-04-13 14:11:35,annual,99
C0024591,2026-04-13 14:35:29,monthly,12
C0031917,2026-04-13 14:42:59,annual,99
C0039117,2026-04-13 14:49:41,annual,99
C0017566,2026-04-13 15:09:31,annual,99
C0007672,2026-04-13 16:54:55,annual,99
C0007416,2026-04-13 16:57:01,monthly,12
C0034391,2026-04-13 17:09:08,monthly,12
C0024174,2026-04-13 17:20:15,monthly,12
C0014160,2026-04-13 17:33:29,monthly,12
C0029519,2026-04-13 17:34:21,annual,99
C0023970,2026-04-13 17:55:46,monthly,12
C0030937,2026-04-13 18:17:14,annual,99
C0018874,2026-04-13 18:19:46,monthly,12
C0024117,2026-04-13 18:20:54,annual,99
C0029378,2026-04-13 18:42:15,annual,99
C0027858,2026-04-13 19:06:11,annual,99
C0009276,2026-04-13 19:45:11,annual,99
C0032587,2026-04-13 20:04:41,monthly,12
C0006326,2026-04-13 20:42:10,annual,99
C0012297,2026-04-13 21:10:25,annual,99
C0028012,2026-04-13 21:43:03,annual,99
C0005926,2026-04-13 21:54:09,annual,99
C0011467,2026-04-13 22:43:31,annual,99
C0025253,2026-04-13 23:34:48,monthly,12
C0016336,2026-04-14 00:05:04,annual,99
C0030213,2026-04-14 00:14:21,annual,99
C0035642,2026-04-14 00:55:32,monthly,12
C0016721,2026-04-14 01:24:29,monthly,12
C0032776,2026-04-14 01:28:44,annual,99
C0013258,2026-04-14 01:48:04,monthly,12
C0039619,2026-04-14 01:58:16,monthly,12
C0008315,2026-04-14 02:47:28,monthly,12
C0007850,2026-04-14 02:52:11,annual,99
C0035305,2026-04-14 02:55:25,annual,99
C0028997,2026-04-14 03:01:59,monthly,12
C0022007,2026-04-14 03:04:19,monthly,12
C0011879,2026-04-14 03:26:02,annual,99
C0035700,2026-04-14 04:05:52,annual,99
C0001742,2026-04-14 05:00:29,annual,99
C0023093,2026-04-14 05:11:19,annual,99
C0019162,2026-04-14 05:24:54,monthly,12
C0015603,2026-04-14 05:50:03,annual,99
C0028572,2026-04-14 06:01:57,monthly,12
C0036704,2026-04-14 06:22:53,annual,99
C0039556,2026-04-14 06:29:36,annual,99
C0002787,2026-04-14 06:29:53,annual,99
C0027424,2026-04-14 06:56:36,monthly,12
C0035860,2026-04-14 07:09:38,annual,99
C0036492,2026-04-14 07:32:09,monthly,12
C0028460,2026-04-14 07:44:16,annual,99
C0013112,2026-04-14 07:54:28,monthly,12
C0024682,2026-04-14 08:33:16,annual,99
C0000309,2026-04-14 08:58:44,annual,99
C0028026,2026-04-14 09:25:23,monthly,12
C0037205,2026-04-14 09:42:18,annual,99
C0036989,2026-04-14 10:18:58,annual,99
C0019739,2026-04-14 10:37:18,monthly,12
C0011757,2026-04-14 11:43:04,annual,99
C0016373,2026-04-14 11:47:53,annual,99
C0009780,2026-04-14 12:12:07,monthly,12
C0029718,2026-04-14 12:54:57,monthly,12
C0029473,2026-04-14 13:10:11,annual,99
C0023138,2026-04-14 13:12:58,annual,99
C0028052,2026-04-14 13:32:06,annual,99
C0024307,2026-04-14 14:14:16,monthly,12
C0011199,2026-04-14 14:16:41,monthly,12
C0034382,2026-04-14 14:17:57,monthly,12
C0031325,2026-04-14 14:19:14,annual,99
C0004176,2026-04-14 14:23:56,monthly,12
C0039105,2026-04-14 14:29:41,annual,99
C0011115,2026-04-14 14:37:15,monthly,12
C0027437,2026-04-14 15:35:09,monthly,12
C0035261,2026-04-14 15:41:55,annual,99
C0022724,2026-04-14 17:26:21,annual,99
C0038431,2026-04-14 17:38:13,monthly,12
C0010883,2026-04-14 17:50:05,annual,99
C0002287,2026-04-14 18:36:41,annual,99
C0006776,2026-04-14 18:44:35,monthly,12
C0017969,2026-04-14 18:47:11,annual,99
C0018574,2026-04-14 19:00:51,annual,99
C0029098,2026-04-14 19:05:32,annual,99
C0024496,2026-04-14 20:30:08,monthly,12
C0027057,2026-04-14 20:30:20,monthly,12
C0034601,2026-04-14 21:52:08,monthly,12
C0029372,2026-04-14 21:59:07,monthly,12
C0017799,2026-04-14 22:00:39,monthly,12
C0034707,2026-04-14 22:11:10,monthly,12
C0003053,2026-04-14 23:01:20,monthly,12
C0007420,2026-04-14 23:08:18,monthly,12
C0010823,2026-04-14 23:13:36,monthly,12
C0017821,2026-04-14 23:24:58,monthly,12
C0030236,2026-04-14 23:48:46,monthly,12
C0006531,2026-04-15 00:35:02,monthly,12
C0019270,2026-04-15 00:35:37,annual,99
C0007330,2026-04-15 01:27:07,annual,99
C0020983,2026-04-15 01:37:07,annual,99
C0014129,2026-04-15 02:28:30,annual,99
C0012472,2026-04-15 03:18:25,annual,99
C0007226,2026-04-15 03:26:36,annual,99
C0001990,2026-04-15 04:03:06,monthly,12
C0038120,2026-04-15 04:11:24,monthly,12
C0026202,2026-04-15 04:28:49,monthly,12
C0025341,2026-04-15 05:15:13,monthly,12
C0011950,2026-04-15 05:23:29,monthly,12
C0015801,2026-04-15 05:25:14,monthly,12
C0012537,2026-04-15 05:52:58,monthly,12
C0014105,2026-04-15 05:55:55,annual,99
C0011444,2026-04-15 06:04:41,annual,99
C0033501,2026-04-15 06:15:01,monthly,12
C0008645,2026-04-15 06:18:20,monthly,12
C0034370,2026-04-15 06:20:34,monthly,12
C0007912,2026-04-15 06:34:35,monthly,12
C0019637,2026-04-15 06:58:10,monthly,12
C0004231,2026-04-15 07:36:19,annual,99
C0000030,2026-04-15 08:39:35,monthly,12
C0018569,2026-04-15 08:54:42,annual,99
C0024003,2026-04-15 09:00:30,annual,99
C0007517,2026-04-15 09:15:46,annual,99
C0011138,2026-04-15 10:02:45,monthly,12
C0008281,2026-04-15 10:46:59,annual,99
C0005982,2026-04-15 11:53:15,annual,99
C0015914,2026-04-15 12:04:49,monthly,12
C0013097,2026-04-15 12:17:17,annual,99
C0019465,2026-04-15 12:22:55,monthly,12
C0001713,2026-04-15 13:27:32,monthly,12
C0010271,2026-04-15 13:56:54,annual,99
C0027362,2026-04-15 14:09:17,monthly,12
C0015542,2026-04-15 14:14:30,monthly,12
C0015921,2026-04-15 14:22:48,annual,99
C0010870,2026-04-15 14:56:02,annual,99
C0014940,2026-04-15 15:31:46,annual,99
C0010423,2026-04-15 15:45:06,monthly,12
C0012209,2026-04-15 16:00:33,annual,99
C0038667,2026-04-15 16:20:22,monthly,12
C0038524,2026-04-15 17:18:51,monthly,12
C0012688,2026-04-15 18:40:36,annual,99
C0029980,2026-04-15 19:10:56,annual,99
C0023425,2026-04-15 19:17:06,annual,99
C0036101,2026-04-15 20:00:58,annual,99
C0011056,2026-04-15 20:02:07,monthly,12
C0033951,2026-04-15 20:36:40,annual,99
C0006005,2026-04-15 20:41:05,annual,99
C0005311,2026-04-15 21:22:02,monthly,12
C0002115,2026-04-15 22:03:31,annual,99
C0022532,2026-04-15 22:06:56,monthly,12
C0008014,2026-04-15 22:07:31,monthly,12
C0026674,2026-04-15 22:22:21,annual,99
C0003238,2026-04-15 22:41:58,annual,99
C0021368,2026-04-15 23:08:38,annual,99
C0004030,2026-04-16 00:14:36,monthly,12
C0000498,2026-04-16 00:15:08,monthly,12
C0004038,2026-04-16 00:24:14,annual,99
C0009012,2026-04-16 00:44:14,monthly,12
C0030410,2026-04-16 00:55:01,monthly,12
C0034271,2026-04-16 01:30:19,monthly,12
C0017776,2026-04-16 02:00:43,annual,99
C0008454,2026-04-16 02:02:38,monthly,12
C0036194,2026-04-16 02:59:35,monthly,12
C0009580,2026-04-16 03:47:08,annual,99
C0039570,2026-04-16 03:59:55,monthly,12
C0005058,2026-04-16 04:09:17,annual,99
C0003762,2026-04-16 04:48:13,monthly,12
C0036218,2026-04-16 05:12:26,monthly,12
C0038360,2026-04-16 05:12:28,monthly,12
C0036670,2026-04-16 05:22:00,annual,99
C0027289,2026-04-16 06:29:05,annual,99
C0026582,2026-04-16 06:40:06,monthly,12
C0028310,2026-04-16 06:43:13,annual,99
C0005119,2026-04-16 06:56:42,monthly,12
C0013733,2026-04-16 06:59:29,annual,99
C0038304,2026-04-16 07:39:56,monthly,12
C0009673,2026-04-16 07:55:06,annual,99
C0025718,2026-04-16 08:09:12,monthly,12
C0004292,2026-04-16 09:45:17,annual,99
C0003353,2026-04-16 10:15:01,monthly,12
C0009883,2026-04-16 10:51:11,annual,99
C0030367,2026-04-16 10:58:37,monthly,12
C0039541,2026-04-16 12:52:01,monthly,12
C0023903,2026-04-16 13:24:14,annual,99
C0019470,2026-04-16 13:57:04,monthly,12
C0012999,2026-04-16 14:00:18,monthly,12
C0021110,2026-04-16 14:11:33,annual,99
C0012925,2026-04-16 14:21:43,annual,99
C0032720,2026-04-16 14:25:18,monthly,12
C0020043,2026-04-16 14:33:33,monthly,12
C0037801,2026-04-16 14:35:21,monthly,12
C0018452,2026-04-16 14:53:12,monthly,12
C0022379,2026-04-16 14:56:36,annual,99
C0023052,2026-04-16 14:59:08,annual,99
C0016010,2026-04-16 15:15:33,annual,99
C0034615,2026-04-16 15:16:24,annual,99
C0007872,2026-04-16 15:50:00,annual,99
C0012484,2026-04-16 16:01:53,annual,99
C0023174,2026-04-16 16:24:49,annual,99
C0027318,2026-04-16 17:19:10,annual,99
C0004330,2026-04-16 18:24:34,monthly,12
C0006721,2026-04-16 19:00:42,monthly,12
C0000489,2026-04-16 19:16:28,monthly,12
C0024866,2026-04-16 19:43:03,annual,99
C0021095,2026-04-16 19:44:42,monthly,12
C0013413,2026-04-16 20:27:14,monthly,12
C0004032,2026-04-16 22:06:36,annual,99
C0001799,2026-04-16 22:10:17,annual,99
C0026840,2026-04-16 22:39:51,monthly,12
C0027253,2026-04-16 23:16:51,monthly,12
C0005750,2026-04-16 23:20:59,annual,99
C0000055,2026-04-17 00:00:05,annual,99
C0027560,2026-04-17 00:04:26,monthly,12
C0029231,2026-04-17 00:33:19,annual,99
C0018164,2026-04-17 00:34:41,monthly,12
C0000075,2026-04-17 01:02:53,monthly,12
C0021439,2026-04-17 01:27:33,annual,99
C0011256,2026-04-17 01:57:36,annual,99
C0023386,2026-04-17 02:12:26,monthly,12
C0020452,2026-04-17 02:35:05,annual,99
C0017189,2026-04-17 02:56:46,monthly,12
C0008760,2026-04-17 03:06:07,annual,99
C0010094,2026-04-17 03:46:27,annual,99
C0004074,2026-04-17 03:57:02,annual,99
C0006742,2026-04-17 04:10:58,annual,99
C0015103,2026-04-17 04:50:14,monthly,12
C0037161,2026-04-17 05:00:58,annual,99
C0032634,2026-04-17 05:20:13,annual,99
C0026309,2026-04-17 06:01:38,monthly,12
C0002696,2026-04-17 06:32:47,monthly,12
C0019556,2026-04-17 07:21:13,monthly,12
C0020731,2026-04-17 07:33:40,annual,99
C0007239,2026-04-17 07:52:43,annual,99
C0024311,2026-04-17 08:00:35,annual,99
C0037545,2026-04-17 08:03:43,monthly,12
C0014746,2026-04-17 08:20:34,monthly,12
C0037649,2026-04-17 08:23:37,monthly,12
C0028072,2026-04-17 09:03:05,monthly,12
C0006420,2026-04-17 10:02:27,annual,99
C0003231,2026-04-17 10:11:08,annual,99
C0038443,2026-04-17 10:37:36,monthly,12
C0016787,2026-04-17 10:43:58,annual,99
C0037784,2026-04-17 10:53:52,annual,99
C0018387,2026-04-17 10:59:44,annual,99
C0006222,2026-04-17 11:26:36,monthly,12
C0008151,2026-04-17 11:46:02,annual,99
C0007937,2026-04-17 11:57:35,annual,99
C0007191,2026-04-17 12:21:38,annual,99
C0025913,2026-04-17 12:31:16,monthly,12
C0004774,2026-04-17 13:04:16,monthly,12
C0029140,2026-04-17 13:42:25,annual,99
C0008385,2026-04-17 13:57:26,monthly,12
C0035867,2026-04-17 14:00:47,annual,99
C0008586,2026-04-17 14:09:52,annual,99
C0007217,2026-04-17 15:11:10,annual,99
C0004409,2026-04-17 15:51:11,monthly,12
C0030764,2026-04-17 16:18:29,monthly,12
C0029443,2026-04-17 16:26:04,annual,99
C0009106,2026-04-17 16:41:38,monthly,12
C0031158,2026-04-17 16:46:34,monthly,12
C0037066,2026-04-17 17:09:18,monthly,12
C0031440,2026-04-17 17:16:38,annual,99
C0011246,2026-04-17 17:49:42,monthly,12
C0003900,2026-04-17 18:56:48,monthly,12
C0002500,2026-04-17 20:10:11,monthly,12
C0024306,2026-04-17 20:30:21,annual,99
C0005752,2026-04-17 20:35:16,monthly,12
C0018970,2026-04-17 20:35:21,monthly,12
C0014338,2026-04-17 22:04:59,annual,99
C0036561,2026-04-17 23:06:26,annual,99
C0008309,2026-04-18 00:12:12,annual,99
C0033247,2026-04-18 00:16:13,annual,99
C0005344,2026-04-18 00:26:13,monthly,12
C0030609,2026-04-18 00:27:44,monthly,12
C0008632,2026-04-18 00:51:38,monthly,12
C0007542,2026-04-18 01:17:51,annual,99
C0027622,2026-04-18 02:49:16,monthly,12
C0037259,2026-04-18 03:45:47,monthly,12
C0023755,2026-04-18 04:03:09,monthly,12
C0019205,2026-04-18 04:31:34,monthly,12
C0038882,2026-04-18 04:34:45,annual,99
C0027040,2026-04-18 05:22:07,monthly,12
C0036100,2026-04-18 06:03:17,monthly,12
C0020788,2026-04-18 06:22:04,annual,99
C0024300,2026-04-18 06:33:03,annual,99
C0038844,2026-04-18 06:35:18,annual,99
C0022854,2026-04-18 07:08:39,annual,99
C0010665,2026-04-18 07:17:54,annual,99
C0000318,2026-04-18 07:26:37,annual,99
C0008534,2026-04-18 07:38:22,annual,99
C0018684,2026-04-18 07:40:18,annual,99
C0028960,2026-04-18 08:26:25,annual,99
C0001880,2026-04-18 09:07:46,monthly,12
C0012046,2026-04-18 09:08:59,monthly,12
C0015086,2026-04-18 09:09:19,monthly,12
C0029944,2026-04-18 10:06:43,monthly,12
C0009530,2026-04-18 10:06:55,annual,99
C0022353,2026-04-18 10:30:44,annual,99
C0000225,2026-04-18 10:58:34,monthly,12
C0013007,2026-04-18 11:38:54,annual,99
C0001545,2026-04-18 11:40:44,monthly,12
C0016311,2026-04-18 12:37:39,annual,99
C0024755,2026-04-18 12:57:11,annual,99
C0010634,2026-04-18 13:37:39,monthly,12
C0025029,2026-04-18 13:39:47,monthly,12
C0005173,2026-04-18 13:52:21,monthly,12
C0007211,2026-04-18 14:23:09,annual,99
C0015868,2026-04-18 15:10:50,annual,99
C0031714,2026-04-18 15:19:42,monthly,12
C0016067,2026-04-18 15:25:26,monthly,12
C0009075,2026-04-18 15:33:03,annual,99
C0007842,2026-04-18 16:00:37,annual,99
C0036340,2026-04-18 16:12:40,annual,99
C0014470,2026-04-18 17:18:58,annual,99
C0018696,2026-04-18 17:51:45,monthly,12
C0020237,2026-04-18 18:42:56,annual,99
C0035658,2026-04-18 19:19:42,annual,99
C0029893,2026-04-18 19:26:33,annual,99
C0011439,2026-04-18 21:13:29,monthly,12
C0016454,2026-04-18 21:36:48,monthly,12
C0027281,2026-04-18 21:51:15,annual,99
C0020072,2026-04-18 21:52:53,annual,99
C0008467,2026-04-18 22:26:40,monthly,12
C0034889,2026-04-18 23:14:26,monthly,12
C0026817,2026-04-18 23:43:04,monthly,12
C0002412,2026-04-19 00:27:50,annual,99
C0037219,2026-04-19 01:06:13,monthly,12
C0011449,2026-04-19 01:06:33,monthly,12
C0037912,2026-04-19 01:19:05,annual,99
C0005811,2026-04-19 01:41:33,annual,99
C0023684,2026-04-19 01:55:43,monthly,12
C0020400,2026-04-19 02:08:19,annual,99
C0030113,2026-04-19 02:12:25,monthly,12
C0001136,2026-04-19 02:23:55,annual,99
C0036035,2026-04-19 02:26:26,annual,99
C0024417,2026-04-19 03:12:04,monthly,12
C0013479,2026-04-19 03:13:53,monthly,12
C0016310,2026-04-19 03:29:58,monthly,12
C0023902,2026-04-19 03:57:17,annual,99
C0013807,2026-04-19 03:59:15,monthly,12
C0022685,2026-04-19 04:24:05,annual,99
C0008963,2026-04-19 04:39:03,annual,99
C0039169,2026-04-19 05:06:05,annual,99
C0027019,2026-04-19 05:21:02,monthly,12
C0038370,2026-04-19 05:45:22,monthly,12
C0010359,2026-04-19 06:09:20,annual,99
C0007622,2026-04-19 07:56:23,monthly,12
C0009302,2026-04-19 08:11:26,monthly,12
C0009555,2026-04-19 09:07:43,monthly,12
C0018737,2026-04-19 09:12:49,monthly,12
C0006591,2026-04-19 09:43:53,monthly,12
C0000760,2026-04-19 11:23:12,monthly,12
C0009411,2026-04-19 11:32:57,annual,99
C0010026,2026-04-19 11:48:59,monthly,12
C0006206,2026-04-19 12:10:59,annual,99
C0036304,2026-04-19 12:17:24,monthly,12
C0038334,2026-04-19 12:23:47,monthly,12
C0031359,2026-04-19 12:29:38,annual,99
C0024970,2026-04-19 12:53:49,monthly,12
C0031370,2026-04-19 13:00:50,monthly,12
C0024053,2026-04-19 13:42:21,monthly,12
C0034650,2026-04-19 14:00:10,annual,99
C0016566,2026-04-19 14:04:38,monthly,12
C0006510,2026-04-19 14:26:30,annual,99
C0031758,2026-04-19 14:37:51,monthly,12
C0038483,2026-04-19 14:39:13,annual,99
C0012428,2026-04-19 14:47:34,annual,99
C0039546,2026-04-19 15:10:07,monthly,12
C0004570,2026-04-19 15:22:47,monthly,12
C0015840,2026-04-19 15:42:53,annual,99
C0029045,2026-04-19 16:26:16,monthly,12
C0017282,2026-04-19 16:37:57,monthly,12
C0027890,2026-04-19 16:50:24,annual,99
C0035355,2026-04-19 16:51:51,monthly,12
C0010343,2026-04-19 17:11:30,annual,99
C0010087,2026-04-19 17:23:10,annual,99
C0027930,2026-04-19 17:39:45,monthly,12
C0034656,2026-04-19 18:28:55,monthly,12
C0034759,2026-04-19 18:41:35,monthly,12
C0033868,2026-04-19 18:43:29,annual,99
C0004069,2026-04-19 18:47:54,monthly,12
C0031529,2026-04-19 18:54:59,annual,99
C0003485,2026-04-19 19:21:34,annual,99
C0010158,2026-04-19 20:04:14,annual,99
C0009680,2026-04-19 20:50:30,annual,99
C0031954,2026-04-19 21:15:31,monthly,12
C0033187,2026-04-19 21:28:59,annual,99
C0039056,2026-04-19 22:08:49,annual,99
C0028994,2026-04-19 23:28:39,annual,99
C0025401,2026-04-19 23:58:13,annual,99
C0016021,2026-04-20 00:33:21,annual,99
C0026496,2026-04-20 01:28:10,monthly,12
C0019087,2026-04-20 01:52:00,monthly,12
C0016392,2026-04-20 01:53:22,monthly,12
C0004495,2026-04-20 02:25:20,annual,99
C0026707,2026-04-20 02:36:22,annual,99
C0004406,2026-04-20 03:27:35,annual,99
C0031788,2026-04-20 04:44:22,annual,99
C0039125,2026-04-20 04:49:08,monthly,12
C0019392,2026-04-20 05:05:21,annual,99
C0026046,2026-04-20 05:23:44,monthly,12
C0036782,2026-04-20 06:11:23,monthly,12
C0019847,2026-04-20 07:05:30,annual,99
C0014682,2026-04-20 07:39:25,annual,99
C0007355,2026-04-20 07:46:56,monthly,12
C0009626,2026-04-20 08:29:10,annual,99
C0005559,2026-04-20 08:59:09,annual,99
C0007773,2026-04-20 09:13:56,monthly,12
C0035345,2026-04-20 09:20:10,annual,99
C0022818,2026-04-20 09:41:34,annual,99
C0025220,2026-04-20 10:24:12,annual,99
C0036408,2026-04-20 11:14:21,monthly,12
C0023335,2026-04-20 11:40:19,annual,99
C0037970,2026-04-20 12:19:45,annual,99
C0027446,2026-04-20 12:42:16,annual,99
C0029594,2026-04-20 12:50:55,annual,99
C0015996,2026-04-20 13:42:30,annual,99
C0017035,2026-04-20 13:51:47,annual,99
C0029691,2026-04-20 14:52:41,monthly,12
C0029608,2026-04-20 14:57:27,monthly,12
C0015945,2026-04-20 14:58:54,annual,99
C0008946,2026-04-20 15:30:52,annual,99
C0003641,2026-04-20 15:32:27,monthly,12
C0029088,2026-04-20 15:42:48,monthly,12
C0030309,2026-04-20 15:44:31,annual,99
C0031565,2026-04-20 16:16:31,monthly,12
C0022992,2026-04-20 16:18:28,monthly,12
C0025465,2026-04-20 16:28:53,annual,99
C0005021,2026-04-20 16:43:17,monthly,12
C0021174,2026-04-20 17:29:01,monthly,12
C0005850,2026-04-20 17:45:23,monthly,12
C0009320,2026-04-20 17:47:12,monthly,12
C0022853,2026-04-20 17:52:17,annual,99
C0038835,2026-04-20 18:03:22,monthly,12
C0016873,2026-04-20 18:32:17,annual,99
C0039206,2026-04-20 19:31:42,annual,99
C0022475,2026-04-20 19:56:57,annual,99
C0013281,2026-04-20 20:30:03,monthly,12
C0009257,2026-04-20 20:35:31,monthly,12
C0027078,2026-04-20 20:50:01,monthly,12
C0011154,2026-04-20 20:51:25,annual,99
C0025655,2026-04-20 20:59:28,annual,99
C0022403,2026-04-20 21:27:43,annual,99
C0018293,2026-04-20 21:52:41,annual,99
C0014610,2026-04-20 22:16:41,monthly,12
C0035267,2026-04-20 22:30:38,annual,99
C0010098,2026-04-20 23:14:21,monthly,12
C0036526,2026-04-20 23:56:51,monthly,12
C0019516,2026-04-21 00:23:16,annual,99
C0032419,2026-04-21 00:35:56,annual,99
C0032202,2026-04-21 00:50:46,annual,99
C0015493,2026-04-21 01:01:35,monthly,12
C0005130,2026-04-21 01:18:33,monthly,12
C0039012,2026-04-21 01:51:01,monthly,12
C0010611,2026-04-21 02:11:31,monthly,12
C0028006,2026-04-21 02:13:27,annual,99
C0023155,2026-04-21 04:05:49,annual,99
C0007109,2026-04-21 04:20:21,annual,99
C0036498,2026-04-21 04:26:25,monthly,12
C0034072,2026-04-21 05:02:55,annual,99
C0039827,2026-04-21 05:06:10,monthly,12
C0026528,2026-04-21 05:23:47,monthly,12
C0018220,2026-04-21 05:24:52,annual,99
C0030379,2026-04-21 05:31:15,annual,99
C0012957,2026-04-21 05:58:05,monthly,12
C0024518,2026-04-21 06:07:36,monthly,12
C0015441,2026-04-21 06:19:19,monthly,12
C0031485,2026-04-21 06:22:45,monthly,12
C0011940,2026-04-21 06:37:42,monthly,12
C0003154,2026-04-21 07:41:59,monthly,12
C0009296,2026-04-21 08:01:14,annual,99
C0009089,2026-04-21 08:44:11,monthly,12
C0001665,2026-04-21 09:43:08,annual,99
C0028630,2026-04-21 09:51:35,annual,99
C0027516,2026-04-21 10:17:38,annual,99
C0019923,2026-04-21 10:38:14,annual,99
C0010258,2026-04-21 10:40:22,monthly,12
C0029792,2026-04-21 11:10:22,annual,99
C0010779,2026-04-21 11:35:02,monthly,12
C0027936,2026-04-21 11:51:05,annual,99
C0036926,2026-04-21 12:14:45,monthly,12
C0013398,2026-04-21 12:30:51,annual,99
C0008244,2026-04-21 12:37:55,annual,99
C0034126,2026-04-21 12:42:08,annual,99
C0033796,2026-04-21 13:01:13,annual,99
C0036313,2026-04-21 13:21:48,annual,99
C0020593,2026-04-21 13:45:23,monthly,12
C0033116,2026-04-21 13:57:15,monthly,12
C0019445,2026-04-21 14:38:42,annual,99
C0017758,2026-04-21 15:01:56,monthly,12
C0018338,2026-04-21 15:19:22,monthly,12
C0009623,2026-04-21 16:35:29,monthly,12
C0016476,2026-04-21 17:30:30,monthly,12
C0021474,2026-04-21 17:35:47,monthly,12
C0017024,2026-04-21 18:32:05,monthly,12
C0022490,2026-04-21 19:02:43,monthly,12
C0004685,2026-04-21 19:08:47,annual,99
C0004995,2026-04-21 19:31:57,monthly,12
C0038248,2026-04-21 19:32:04,monthly,12
C0000232,2026-04-21 19:52:00,annual,99
C0007869,2026-04-21 19:56:35,annual,99
C0023469,2026-04-21 20:36:28,annual,99
C0023506,2026-04-21 21:26:34,monthly,12
C0003688,2026-04-21 21:34:07,monthly,12
C0012730,2026-04-21 21:41:49,monthly,12
C0011403,2026-04-21 21:55:11,monthly,12
C0012294,2026-04-21 22:44:33,annual,99
C0019358,2026-04-21 22:54:23,annual,99
C0022109,2026-04-21 23:32:21,monthly,12
C0020147,2026-04-22 00:10:52,annual,99
C0028025,2026-04-22 01:38:10,monthly,12
C0013517,2026-04-22 01:39:16,monthly,12
C0019687,2026-04-22 01:51:43,annual,99
C0018288,2026-04-22 02:38:17,monthly,12
C0019156,2026-04-22 02:44:18,monthly,12
C0030751,2026-04-22 04:13:03,monthly,12
C0026444,2026-04-22 04:29:15,annual,99
C0025743,2026-04-22 04:32:31,annual,99
C0003987,2026-04-22 04:49:49,annual,99
C0039077,2026-04-22 05:06:05,annual,99
C0032705,2026-04-22 05:26:56,monthly,12
C0035822,2026-04-22 05:35:02,annual,99
C0000959,2026-04-22 05:35:29,monthly,12
C0017091,2026-04-22 05:48:56,annual,99
C0021918,2026-04-22 06:45:29,monthly,12
C0022638,2026-04-22 06:46:43,monthly,12
C0025612,2026-04-22 06:48:29,annual,99
C0012357,2026-04-22 07:42:46,annual,99
C0002509,2026-04-22 08:12:17,monthly,12
C0016824,2026-04-22 08:31:52,annual,99
C0032519,2026-04-22 08:38:41,annual,99
C0019136,2026-04-22 09:04:24,annual,99
C0017167,2026-04-22 09:14:33,annual,99
C0021775,2026-04-22 09:33:05,annual,99
C0037898,2026-04-22 09:46:03,monthly,12
C0007899,2026-04-22 09:46:22,annual,99
C0033265,2026-04-22 10:11:42,annual,99
C0003352,2026-04-22 10:30:57,annual,99
C0026684,2026-04-22 11:15:30,monthly,12
C0021025,2026-04-22 11:36:05,monthly,12
C0014879,2026-04-22 11:52:34,monthly,12
C0037187,2026-04-22 12:39:06,annual,99
C0033965,2026-04-22 12:54:07,monthly,12
C0010378,2026-04-22 12:54:08,annual,99
C0001292,2026-04-22 12:59:30,monthly,12
C0011748,2026-04-22 14:12:35,monthly,12
C0035728,2026-04-22 14:13:10,annual,99
C0036187,2026-04-22 14:16:42,monthly,12
C0028098,2026-04-22 14:17:06,annual,99
C0032852,2026-04-22 14:35:21,monthly,12
C0013588,2026-04-22 14:47:48,monthly,12
C0001029,2026-04-22 15:00:49,annual,99
C0034482,2026-04-22 15:13:09,annual,99
C0034001,2026-04-22 15:30:27,annual,99
C0006601,2026-04-22 15:58:36,annual,99
C0030950,2026-04-22 16:10:23,monthly,12
C0010226,2026-04-22 16:39:20,annual,99
C0020280,2026-04-22 17:07:41,monthly,12
C0031848,2026-04-22 18:04:33,monthly,12
C0021378,2026-04-22 18:05:29,monthly,12
C0020035,2026-04-22 18:29:44,monthly,12
C0002083,2026-04-22 18:41:30,annual,99
C0000499,2026-04-22 19:06:19,annual,99
C0012431,2026-04-22 19:29:29,monthly,12
C0026173,2026-04-22 19:37:46,annual,99
C0004109,2026-04-22 20:04:49,monthly,12
C0021121,2026-04-22 20:16:02,annual,99
C0017242,2026-04-22 20:25:30,annual,99
C0015213,2026-04-22 20:54:34,annual,99
C0027112,2026-04-22 21:29:22,monthly,12
C0000316,2026-04-22 21:45:51,annual,99
C0018709,2026-04-22 21:48:58,monthly,12
C0022133,2026-04-22 22:04:33,monthly,12
C0015268,2026-04-22 22:38:21,annual,99
C0018648,2026-04-22 22:43:46,annual,99
C0008009,2026-04-22 23:09:57,annual,99
C0022780,2026-04-22 23:24:21,annual,99
C0007267,2026-04-22 23:44:01,annual,99
C0019708,2026-04-23 00:08:40,monthly,12
C0035429,2026-04-23 00:21:58,annual,99
C0006175,2026-04-23 00:26:57,monthly,12
C0012964,2026-04-23 00:27:53,annual,99
C0027751,2026-04-23 00:30:35,monthly,12
C0017114,2026-04-23 00:52:18,annual,99
C0008517,2026-04-23 01:44:50,monthly,12
C0036833,2026-04-23 02:10:31,monthly,12
C0018723,2026-04-23 02:41:26,annual,99
C0025476,2026-04-23 03:15:02,monthly,12
C0003537,2026-04-23 03:22:20,monthly,12
C0011610,2026-04-23 03:33:31,annual,99
C0020926,2026-04-23 03:33:48,monthly,12
C0001553,2026-04-23 03:49:13,monthly,12
C0034331,2026-04-23 04:05:55,monthly,12
C0000120,2026-04-23 04:47:20,annual,99
C0013634,2026-04-23 04:47:30,annual,99
C0017445,2026-04-23 04:50:29,annual,99
C0004331,2026-04-23 05:24:57,monthly,12
C0026554,2026-04-23 05:51:45,monthly,12
C0015383,2026-04-23 06:04:24,monthly,12
C0008976,2026-04-23 06:29:38,annual,99
C0015338,2026-04-23 06:32:27,annual,99
C0013577,2026-04-23 06:36:55,annual,99
C0026648,2026-04-23 06:51:49,annual,99
C0020694,2026-04-23 07:16:02,annual,99
C0003456,2026-04-23 07:17:40,monthly,12
C0018738,2026-04-23 07:21:38,annual,99
C0002544,2026-04-23 07:24:46,monthly,12
C0025652,2026-04-23 07:37:54,annual,99
C0031026,2026-04-23 08:15:27,monthly,12
C0018388,2026-04-23 08:31:54,annual,99
C0000730,2026-04-23 08:58:40,monthly,12
C0001936,2026-04-23 09:09:51,monthly,12
C0009558,2026-04-23 09:17:10,monthly,12
C0014188,2026-04-23 09:24:44,annual,99
C0035456,2026-04-23 09:26:18,monthly,12
C0036580,2026-04-23 09:42:13,annual,99
C0007848,2026-04-23 09:45:42,monthly,12
C0033143,2026-04-23 09:45:54,annual,99
C0001115,2026-04-23 10:08:13,monthly,12
C0019514,2026-04-23 10:18:18,monthly,12
C0002141,2026-04-23 10:20:58,monthly,12
C0003342,2026-04-23 10:50:08,monthly,12
C0026039,2026-04-23 11:06:55,annual,99
C0029822,2026-04-23 11:20:57,monthly,12
C0008962,2026-04-23 11:48:16,monthly,12
C0013496,2026-04-23 11:59:47,monthly,12
C0023357,2026-04-23 12:11:01,monthly,12
C0037911,2026-04-23 12:12:47,monthly,12
C0038427,2026-04-23 12:21:05,monthly,12
C0024434,2026-04-23 13:23:53,monthly,12
C0039637,2026-04-23 13:30:58,monthly,12
C0015613,2026-04-23 14:17:09,monthly,12
C0022843,2026-04-23 15:31:13,monthly,12
C0009353,2026-04-23 15:36:45,annual,99
C0022404,2026-04-23 16:08:05,monthly,12
C0026400,2026-04-23 17:21:14,monthly,12
C0023279,2026-04-23 17:44:24,monthly,12
C0008858,2026-04-23 17:52:25,monthly,12
C0031620,2026-04-23 18:03:05,monthly,12
C0038243,2026-04-23 18:45:50,monthly,12
C0011512,2026-04-23 19:34:28,annual,99
C0006576,2026-04-23 20:42:37,annual,99
C0033878,2026-04-23 20:43:47,monthly,12
C0013057,2026-04-23 21:03:15,monthly,12
C0004714,2026-04-23 21:34:18,annual,99
C0028285,2026-04-23 22:07:37,monthly,12
C0026705,2026-04-23 22:27:32,monthly,12
C0020930,2026-04-23 22:45:51,monthly,12
C0030951,2026-04-23 23:15:09,monthly,12
C0003711,2026-04-23 23:18:52,annual,99
C0005020,2026-04-23 23:28:34,monthly,12
C0019178,2026-04-23 23:55:33,annual,99
C0009953,2026-04-24 00:38:49,annual,99
C0030598,2026-04-24 00:54:33,monthly,12
C0023705,2026-04-24 00:57:37,monthly,12
C0031870,2026-04-24 01:24:09,annual,99
C0028687,2026-04-24 01:51:46,annual,99
C0034167,2026-04-24 01:52:06,annual,99
C0023778,2026-04-24 01:59:39,annual,99
C0027000,2026-04-24 02:10:46,monthly,12
C0036342,2026-04-24 02:59:26,annual,99
C0026474,2026-04-24 03:32:51,annual,99
C0004349,2026-04-24 04:10:16,annual,99
C0013295,2026-04-24 04:12:26,monthly,12
C0020268,2026-04-24 05:06:37,annual,99
C0014197,2026-04-24 05:35:33,annual,99
C0013405,2026-04-24 05:51:59,annual,99
C0031838,2026-04-24 06:00:24,annual,99
C0035827,2026-04-24 06:04:18,annual,99
C0025493,2026-04-24 06:06:11,annual,99
C0012138,2026-04-24 06:31:04,annual,99
C0038738,2026-04-24 08:26:11,monthly,12
C0005162,2026-04-24 08:46:53,annual,99
C0015685,2026-04-24 09:23:02,annual,99
C0031496,2026-04-24 09:30:15,annual,99
C0018756,2026-04-24 09:38:29,annual,99
C0019661,2026-04-24 10:01:19,annual,99
C0018243,2026-04-24 10:58:40,annual,99
C0005860,2026-04-24 11:14:40,monthly,12
C0002859,2026-04-24 11:26:40,annual,99
C0023151,2026-04-24 12:13:42,annual,99
C0006913,2026-04-24 14:02:40,monthly,12
C0016576,2026-04-24 14:05:56,annual,99
C0012652,2026-04-24 14:31:16,monthly,12
C0021935,2026-04-24 14:34:20,monthly,12
C0023513,2026-04-24 15:06:12,annual,99
C0006849,2026-04-24 15:26:09,monthly,12
C0013982,2026-04-24 15:26:09,monthly,12
C0018795,2026-04-24 15:28:05,annual,99
C0038770,2026-04-24 15:34:23,monthly,12
C0030868,2026-04-24 15:42:07,monthly,12
C0024835,2026-04-24 16:51:31,annual,99
C0016962,2026-04-24 16:53:51,monthly,12
C0022607,2026-04-24 16:54:30,monthly,12
C0005765,2026-04-24 16:55:25,annual,99
C0039175,2026-04-24 17:28:37,annual,99
C0006268,2026-04-24 17:28:56,monthly,12
C0016378,2026-04-24 18:12:29,monthly,12
C0026248,2026-04-24 18:16:24,monthly,12
C0017850,2026-04-24 18:43:49,monthly,12
C0026675,2026-04-24 18:45:06,annual,99
C0038543,2026-04-24 19:04:30,annual,99
C0010362,2026-04-24 19:21:25,annual,99
C0020419,2026-04-24 19:38:30,annual,99
C0007268,2026-04-24 19:49:19,monthly,12
C0010896,2026-04-24 20:52:51,monthly,12
C0034016,2026-04-24 21:02:02,annual,99
C0007820,2026-04-24 21:15:53,annual,99
C0038805,2026-04-24 21:25:15,annual,99
C0037122,2026-04-24 21:38:24,annual,99
C0009722,2026-04-24 21:46:18,monthly,12
C0001209,2026-04-24 22:00:12,annual,99
C0019676,2026-04-24 22:01:04,annual,99
C0030160,2026-04-24 22:38:35,monthly,12
C0037314,2026-04-24 23:04:02,monthly,12
C0017199,2026-04-25 00:08:48,annual,99
C0026810,2026-04-25 00:13:12,annual,99
C0000642,2026-04-25 00:53:56,annual,99
C0021625,2026-04-25 01:12:15,annual,99
C0000101,2026-04-25 01:25:56,annual,99
C0022550,2026-04-25 01:38:48,monthly,12
C0004045,2026-04-25 02:16:48,annual,99
C0039311,2026-04-25 02:20:15,annual,99
C0019812,2026-04-25 02:22:42,annual,99
C0007894,2026-04-25 02:27:28,annual,99
C0007136,2026-04-25 02:55:41,annual,99
C0006390,2026-04-25 02:58:19,annual,99
C0017998,2026-04-25 03:46:41,monthly,12
C0038013,2026-04-25 03:50:05,annual,99
C0006585,2026-04-25 04:16:43,annual,99
C0013060,2026-04-25 04:20:46,monthly,12
C0006468,2026-04-25 05:03:05,monthly,12
C0010256,2026-04-25 05:29:54,monthly,12
C0038439,2026-04-25 05:46:49,annual,99
C0014036,2026-04-25 05:50:23,monthly,12
C0013072,2026-04-25 06:18:56,monthly,12
C0025266,2026-04-25 06:21:11,monthly,12
C0005571,2026-04-25 07:16:45,annual,99
C0003473,2026-04-25 07:39:40,monthly,12
C0025092,2026-04-25 07:41:56,monthly,12
C0033308,2026-04-25 09:00:47,monthly,12
C0000153,2026-04-25 09:30:51,annual,99
C0034846,2026-04-25 09:34:25,monthly,12
C0037853,2026-04-25 09:42:58,annual,99
C0036665,2026-04-25 10:00:49,annual,99
C0006813,2026-04-25 10:42:53,annual,99
C0010369,2026-04-25 10:43:22,monthly,12
C0025223,2026-04-25 11:01:49,annual,99
C0007193,2026-04-25 11:06:07,monthly,12
C0026492,2026-04-25 11:08:13,monthly,12
C0035648,2026-04-25 12:29:08,monthly,12
C0009906,2026-04-25 12:47:52,monthly,12
C0013177,2026-04-25 13:14:17,monthly,12
C0021295,2026-04-25 13:47:57,monthly,12
C0004702,2026-04-25 13:52:46,annual,99
C0037909,2026-04-25 14:58:52,monthly,12
C0012403,2026-04-25 15:02:46,annual,99
C0012541,2026-04-25 15:13:37,annual,99
C0010562,2026-04-25 15:26:59,annual,99
C0013716,2026-04-25 16:43:31,monthly,12
C0035545,2026-04-25 16:45:46,annual,99
C0003820,2026-04-25 16:46:17,annual,99
C0013016,2026-04-25 18:41:49,annual,99
C0032819,2026-04-25 18:43:34,annual,99
C0012210,2026-04-25 18:54:32,monthly,12
C0011223,2026-04-25 19:24:05,monthly,12
C0022623,2026-04-25 19:39:28,monthly,12
C0022554,2026-04-25 20:29:49,monthly,12
C0011592,2026-04-25 20:37:25,annual,99
C0038493,2026-04-25 20:40:15,annual,99
C0018062,2026-04-25 20:47:34,annual,99
C0031181,2026-04-25 21:13:47,monthly,12
C0032242,2026-04-25 21:21:30,annual,99
C0019301,2026-04-25 21:26:04,annual,99
C0030846,2026-04-25 21:33:15,annual,99
C0012233,2026-04-25 21:43:17,monthly,12
C0030867,2026-04-25 21:49:49,monthly,12
C0017515,2026-04-25 21:57:04,annual,99
C0013631,2026-04-25 22:02:27,monthly,12
C0015624,2026-04-25 22:57:46,annual,99
C0020472,2026-04-25 23:42:07,annual,99
C0000785,2026-04-25 23:55:59,monthly,12
C0033088,2026-04-26 00:31:16,annual,99
C0005060,2026-04-26 01:32:10,monthly,12
C0009393,2026-04-26 02:16:33,annual,99
C0018246,2026-04-26 03:16:27,annual,99
C0038146,2026-04-26 03:18:43,annual,99
C0035427,2026-04-26 04:01:37,monthly,12
C0023550,2026-04-26 04:32:24,annual,99
C0024303,2026-04-26 06:12:57,annual,99
C0038729,2026-04-26 06:15:27,monthly,12
C0003545,2026-04-26 06:16:18,monthly,12
C0033520,2026-04-26 06:53:16,annual,99
C0039874,2026-04-26 07:40:58,monthly,12
C0031306,2026-04-26 08:14:41,monthly,12
C0039423,2026-04-26 08:16:08,monthly,12
C0011572,2026-04-26 08:19:45,annual,99
C0006919,2026-04-26 08:36:41,annual,99
C0002545,2026-04-26 08:43:30,annual,99
C0024517,2026-04-26 09:29:05,monthly,12
C0020173,2026-04-26 10:59:17,monthly,12
C0026635,2026-04-26 11:11:18,monthly,12
C0001369,2026-04-26 11:12:28,monthly,12
C0016917,2026-04-26 11:45:15,annual,99
C0003296,2026-04-26 12:10:16,annual,99
C0023398,2026-04-26 12:40:45,monthly,12
C0004850,2026-04-26 12:42:06,monthly,12
C0023956,2026-04-26 12:47:55,annual,99
C0039102,2026-04-26 12:49:11,monthly,12
C0039093,2026-04-26 13:22:58,monthly,12
C0039038,2026-04-26 13:48:32,annual,99
C0012742,2026-04-26 13:55:25,monthly,12
C0033783,2026-04-26 14:07:50,annual,99
C0006536,2026-04-26 14:13:50,annual,99
C0029923,2026-04-26 14:47:44,annual,99
C0023346,2026-04-26 15:21:26,monthly,12
C0013480,2026-04-26 15:33:04,annual,99
C0035433,2026-04-26 15:51:55,annual,99
C0039382,2026-04-26 16:00:54,monthly,12
C0024934,2026-04-26 16:10:24,monthly,12
C0038754,2026-04-26 17:01:06,monthly,12
C0008776,2026-04-26 17:17:04,monthly,12
C0021298,2026-04-26 17:43:04,monthly,12
C0038151,2026-04-26 17:47:23,annual,99
C0023202,2026-04-26 18:32:13,annual,99
C0014944,2026-04-26 19:23:36,monthly,12
C0021131,2026-04-26 19:29:34,annual,99
C0015175,2026-04-26 19:44:19,annual,99
C0014566,2026-04-26 19:47:26,annual,99
C0019518,2026-04-26 21:05:13,monthly,12
C0005548,2026-04-26 21:21:44,monthly,12
C0007467,2026-04-26 21:33:56,annual,99
C0036792,2026-04-26 22:09:24,monthly,12
C0022097,2026-04-26 22:47:19,annual,99
C0013852,2026-04-26 22:49:23,monthly,12
C0026998,2026-04-26 22:55:17,annual,99
C0009497,2026-04-26 23:22:39,monthly,12
C0016094,2026-04-26 23:28:29,annual,99
C0007307,2026-04-26 23:43:19,monthly,12
C0013745,2026-04-27 00:04:54,annual,99
C0019723,2026-04-27 00:26:31,annual,99
C0008068,2026-04-27 00:30:31,monthly,12
C0029862,2026-04-27 01:51:52,annual,99
C0017664,2026-04-27 02:11:34,annual,99
C0004220,2026-04-27 02:12:11,monthly,12
C0038024,2026-04-27 02:26:47,annual,99
C0015364,2026-04-27 03:32:57,monthly,12
C0017073,2026-04-27 03:35:51,monthly,12
C0027609,2026-04-27 03:38:50,annual,99
C0009127,2026-04-27 03:49:11,monthly,12
C0005388,2026-04-27 03:57:36,monthly,12
C0011235,2026-04-27 04:13:36,monthly,12
C0011985,2026-04-27 04:27:46,annual,99
C0011356,2026-04-27 05:23:13,annual,99
C0009651,2026-04-27 05:24:47,annual,99
C0001422,2026-04-27 05:52:59,monthly,12
C0034217,2026-04-27 05:54:10,monthly,12
C0032655,2026-04-27 06:00:51,monthly,12
C0001630,2026-04-27 06:13:45,annual,99
C0021917,2026-04-27 06:19:40,annual,99
C0019935,2026-04-27 06:20:52,monthly,12
C0006118,2026-04-27 06:24:36,monthly,12
C0003158,2026-04-27 07:36:23,monthly,12
C0030161,2026-04-27 08:08:12,annual,99
C0010824,2026-04-27 08:28:31,annual,99
C0032211,2026-04-27 08:34:27,monthly,12
C0001226,2026-04-27 09:12:54,monthly,12
C0035596,2026-04-27 10:01:07,monthly,12
C0001189,2026-04-27 10:16:48,annual,99
C0008410,2026-04-27 10:20:01,monthly,12
C0003908,2026-04-27 10:31:38,annual,99
C0020589,2026-04-27 10:43:18,annual,99
C0030776,2026-04-27 10:48:29,annual,99
C0032465,2026-04-27 11:06:50,annual,99
C0020786,2026-04-27 11:15:53,annual,99
C0017502,2026-04-27 11:16:02,annual,99
C0039599,2026-04-27 11:24:53,monthly,12
C0017869,2026-04-27 11:25:27,monthly,12
C0020555,2026-04-27 11:50:05,monthly,12
C0025879,2026-04-27 11:55:49,annual,99
C0014532,2026-04-27 12:12:25,monthly,12
C0024421,2026-04-27 12:56:40,monthly,12
C0034890,2026-04-27 14:18:54,annual,99
C0010358,2026-04-27 15:15:57,annual,99
C0031245,2026-04-27 15:39:37,monthly,12
C0015089,2026-04-27 16:01:49,annual,99
C0023786,2026-04-27 16:28:15,monthly,12
C0018528,2026-04-27 16:32:32,monthly,12
C0018008,2026-04-27 16:52:25,monthly,12
C0039209,2026-04-27 17:53:23,monthly,12
C0011958,2026-04-27 18:30:06,annual,99
C0002588,2026-04-27 18:36:47,monthly,12
C0018669,2026-04-27 19:03:27,monthly,12
C0004921,2026-04-27 19:07:42,monthly,12
C0004210,2026-04-27 19:27:40,annual,99
C0008849,2026-04-27 19:30:45,annual,99
C0013409,2026-04-27 19:32:42,monthly,12
C0017452,2026-04-27 19:37:18,monthly,12
C0018989,2026-04-27 19:41:14,annual,99
C0026180,2026-04-27 22:06:20,monthly,12
C0022368,2026-04-27 22:09:26,annual,99
C0012580,2026-04-27 22:51:13,monthly,12
C0007970,2026-04-27 23:44:34,annual,99
C0021180,2026-04-28 00:01:53,monthly,12
C0003121,2026-04-28 00:13:06,annual,99
C0007662,2026-04-28 00:21:27,monthly,12
C0004905,2026-04-28 00:23:43,annual,99
C0028031,2026-04-28 01:18:13,monthly,12
C0011346,2026-04-28 01:20:33,annual,99
C0017027,2026-04-28 01:31:10,annual,99
C0002160,2026-04-28 02:19:33,monthly,12
C0022473,2026-04-28 02:50:42,annual,99
C0032096,2026-04-28 03:19:08,monthly,12
C0015930,2026-04-28 03:21:51,annual,99
C0036243,2026-04-28 04:16:51,annual,99
C0015657,2026-04-28 04:35:55,monthly,12
C0026558,2026-04-28 04:44:20,annual,99
C0023099,2026-04-28 05:50:09,monthly,12
C0013207,2026-04-28 05:50:19,monthly,12
C0016159,2026-04-28 05:59:45,annual,99
C0010526,2026-04-28 06:41:01,annual,99
C0000262,2026-04-28 07:16:34,monthly,12
C0036058,2026-04-28 07:38:40,annual,99
C0026522,2026-04-28 08:10:34,monthly,12
C0020440,2026-04-28 09:44:15,annual,99
C0019619,2026-04-28 10:29:18,monthly,12
C0008598,2026-04-28 10:41:44,monthly,12
C0030600,2026-04-28 10:56:58,monthly,12
C0039824,2026-04-28 11:30:57,monthly,12
C0030778,2026-04-28 12:04:43,monthly,12
C0025123,2026-04-28 12:13:03,monthly,12
C0014061,2026-04-28 12:15:56,annual,99
C0011848,2026-04-28 12:22:33,monthly,12
C0032768,2026-04-28 12:25:53,monthly,12
C0035139,2026-04-28 12:26:03,annual,99
C0009014,2026-04-28 12:43:01,monthly,12
C0008106,2026-04-28 13:32:39,monthly,12
C0007784,2026-04-28 14:02:38,monthly,12
C0020691,2026-04-28 14:24:42,monthly,12
C0000968,2026-04-28 14:33:35,annual,99
C0018666,2026-04-28 14:45:47,monthly,12
C0023790,2026-04-28 15:16:49,annual,99
C0006353,2026-04-28 16:56:04,monthly,12
C0027449,2026-04-28 17:01:23,monthly,12
C0009133,2026-04-28 17:34:10,annual,99
C0015110,2026-04-28 18:32:15,annual,99
C0005131,2026-04-28 19:20:15,monthly,12
C0032081,2026-04-28 19:52:32,annual,99
C0024262,2026-04-28 20:13:26,monthly,12
C0015128,2026-04-28 20:13:36,annual,99
C0014396,2026-04-28 20:17:56,annual,99
C0030384,2026-04-28 20:49:43,annual,99
C0028722,2026-04-28 20:56:43,annual,99
C0009438,2026-04-28 21:05:50,annual,99
C0023795,2026-04-28 21:14:17,annual,99
C0036314,2026-04-28 21:14:35,monthly,12
C0004603,2026-04-28 22:26:25,monthly,12
C0026828,2026-04-28 22:29:18,annual,99
C0021577,2026-04-28 22:40:22,annual,99
C0023568,2026-04-28 22:49:48,monthly,12
C0000160,2026-04-28 23:05:16,annual,99
C0007827,2026-04-28 23:45:41,annual,99
C0022687,2026-04-28 23:53:13,monthly,12
C0023599,2026-04-29 00:10:24,monthly,12
C0019327,2026-04-29 00:17:14,annual,99
C0025552,2026-04-29 00:26:45,annual,99
C0008769,2026-04-29 00:38:19,annual,99
C0021734,2026-04-29 00:41:34,monthly,12
C0014016,2026-04-29 01:09:20,monthly,12
C0029182,2026-04-29 01:10:09,annual,99
C0034284,2026-04-29 01:47:30,monthly,12
C0012590,2026-04-29 02:01:01,monthly,12
C0021227,2026-04-29 02:30:57,annual,99
C0031116,2026-04-29 02:34:02,monthly,12
C0031947,2026-04-29 02:42:39,monthly,12
C0026983,2026-04-29 02:52:43,monthly,12
C0013454,2026-04-29 03:23:37,annual,99
C0001776,2026-04-29 03:44:18,monthly,12
C0014745,2026-04-29 03:46:23,monthly,12
C0030929,2026-04-29 04:33:14,monthly,12
C0002308,2026-04-29 05:09:57,annual,99
C0035849,2026-04-29 05:35:28,monthly,12
C0030896,2026-04-29 05:36:44,monthly,12
C0026900,2026-04-29 05:38:26,annual,99
C0015237,2026-04-29 05:45:07,annual,99
C0008285,2026-04-29 05:52:25,annual,99
C0035818,2026-04-29 06:12:35,monthly,12
C0033299,2026-04-29 06:24:15,annual,99
C0026904,2026-04-29 06:46:41,annual,99
C0008656,2026-04-29 07:21:02,monthly,12
C0021977,2026-04-29 07:40:37,annual,99
C0037635,2026-04-29 07:41:04,monthly,12
C0027074,2026-04-29 08:18:38,annual,99
C0034066,2026-04-29 08:43:00,monthly,12
C0019580,2026-04-29 09:24:25,monthly,12
C0037776,2026-04-29 09:35:17,annual,99
C0013137,2026-04-29 09:55:10,annual,99
C0021831,2026-04-29 10:04:34,annual,99
C0037710,2026-04-29 10:49:09,monthly,12
C0036126,2026-04-29 11:40:26,annual,99
C0005720,2026-04-29 12:46:06,monthly,12
C0002099,2026-04-29 12:52:13,monthly,12
C0021895,2026-04-29 13:48:37,monthly,12
C0033000,2026-04-29 14:35:04,monthly,12
C0013289,2026-04-29 14:52:53,monthly,12
C0037372,2026-04-29 14:56:16,monthly,12
C0018915,2026-04-29 15:40:43,annual,99
C0038442,2026-04-29 15:55:11,monthly,12
C0024509,2026-04-29 16:19:22,annual,99
C0019720,2026-04-29 16:21:20,annual,99
C0000350,2026-04-29 16:22:33,monthly,12
C0008959,2026-04-29 17:10:11,monthly,12
C0028174,2026-04-29 17:45:37,monthly,12
C0012356,2026-04-29 17:54:57,annual,99
C0028147,2026-04-29 18:10:22,annual,99
C0031282,2026-04-29 19:38:43,annual,99
C0023014,2026-04-29 20:07:51,annual,99
C0023498,2026-04-29 20:08:37,monthly,12
C0003995,2026-04-29 20:12:31,annual,99
C0035379,2026-04-29 20:32:23,monthly,12
C0017755,2026-04-29 20:35:23,monthly,12
C0003828,2026-04-29 20:36:15,monthly,12
C0034224,2026-04-29 20:50:22,monthly,12
C0015146,2026-04-29 21:02:27,annual,99
C0031552,2026-04-29 21:16:43,annual,99
C0016511,2026-04-29 21:59:05,annual,99
C0012201,2026-04-29 23:01:06,annual,99
C0036051,2026-04-29 23:04:46,annual,99
C0019898,2026-04-29 23:10:46,annual,99
C0038668,2026-04-29 23:20:15,annual,99
C0038822,2026-04-30 01:46:12,monthly,12
C0028246,2026-04-30 02:05:31,monthly,12
C0013325,2026-04-30 02:24:06,annual,99
C0015303,2026-04-30 02:41:19,monthly,12
C0017599,2026-04-30 02:48:42,annual,99
C0027086,2026-04-30 02:50:54,annual,99
C0005368,2026-04-30 03:24:52,monthly,12
C0019951,2026-04-30 04:12:40,annual,99
C0011158,2026-04-30 06:35:45,monthly,12
C0019321,2026-04-30 06:40:11,monthly,12
C0035452,2026-04-30 06:44:54,monthly,12
C0030779,2026-04-30 07:02:00,monthly,12
C0002953,2026-04-30 07:14:15,annual,99
C0038211,2026-04-30 08:43:57,monthly,12
C0007099,2026-04-30 09:03:30,annual,99
C0025677,2026-04-30 09:08:56,annual,99
C0001905,2026-04-30 09:37:12,monthly,12
C0018911,2026-04-30 09:43:30,annual,99
C0008063,2026-04-30 10:09:28,monthly,12
C0009833,2026-04-30 10:19:24,monthly,12
C0033471,2026-04-30 10:28:23,monthly,12
C0039862,2026-04-30 10:48:03,monthly,12
C0013428,2026-04-30 10:49:53,annual,99
C0013341,2026-04-30 11:27:40,annual,99
C0014529,2026-04-30 11:28:07,annual,99
C0033495,2026-04-30 12:21:45,monthly,12
C0037346,2026-04-30 12:40:57,monthly,12
C0001194,2026-04-30 13:21:42,monthly,12
C0032690,2026-04-30 13:52:16,annual,99
C0020460,2026-04-30 14:49:14,annual,99
C0027096,2026-04-30 15:10:06,annual,99
C0038825,2026-04-30 15:14:52,annual,99
C0017899,2026-04-30 15:21:55,monthly,12
C0030859,2026-04-30 16:16:58,annual,99
C0019454,2026-04-30 16:53:46,annual,99
C0024715,2026-04-30 17:17:21,annual,99
C0033969,2026-04-30 17:17:54,monthly,12
C0015650,2026-04-30 17:53:57,monthly,12
C0020702,2026-04-30 18:05:55,annual,99
C0016396,2026-04-30 18:13:59,monthly,12
C0037553,2026-04-30 18:17:02,annual,99
C0036370,2026-04-30 18:23:28,annual,99
C0032030,2026-04-30 19:38:21,monthly,12
C0038112,2026-04-30 19:52:12,monthly,12
C0016848,2026-04-30 20:24:40,annual,99
C0013761,2026-04-30 20:32:36,monthly,12
C0023720,2026-04-30 20:55:57,monthly,12
C0026034,2026-04-30 21:50:36,annual,99
C0037896,2026-04-30 21:52:07,annual,99
C0035672,2026-04-30 21:56:10,monthly,12
C0015696,2026-04-30 22:09:40,annual,99
C0017992,2026-04-30 22:18:33,annual,99
C0014475,2026-04-30 22:57:40,annual,99
C0006316,2026-05-01 00:12:25,monthly,12
C0023541,2026-05-01 00:16:33,annual,99
C0018370,2026-05-01 01:41:40,monthly,12
C0011548,2026-05-01 02:34:17,annual,99
C0029705,2026-05-01 02:39:19,annual,99
C0030190,2026-05-01 03:02:23,monthly,12
C0006733,2026-05-01 03:03:02,monthly,12
C0000747,2026-05-01 03:31:20,annual,99
C0004566,2026-05-01 04:03:18,monthly,12
C0006552,2026-05-01 04:08:44,monthly,12
C0026961,2026-05-01 04:10:38,monthly,12
C0033856,2026-05-01 04:24:26,annual,99
C0016360,2026-05-01 05:00:11,monthly,12
C0008827,2026-05-01 05:07:47,monthly,12
C0002712,2026-05-01 05:08:57,monthly,12
C0009011,2026-05-01 06:16:07,annual,99
C0039008,2026-05-01 06:18:59,annual,99
C0012074,2026-05-01 06:54:29,monthly,12
C0033777,2026-05-01 07:24:33,monthly,12
C0022235,2026-05-01 07:38:25,annual,99
C0019957,2026-05-01 07:49:45,annual,99
C0035549,2026-05-01 07:57:48,monthly,12
C0024286,2026-05-01 08:16:41,monthly,12
C0029772,2026-05-01 08:27:24,annual,99
C0002781,2026-05-01 09:01:21,monthly,12
C0023017,2026-05-01 09:07:16,monthly,12
C0028071,2026-05-01 09:25:11,monthly,12
C0029151,2026-05-01 09:49:31,annual,99
C0026931,2026-05-01 10:03:56,monthly,12
C0018903,2026-05-01 10:08:07,annual,99
C0031387,2026-05-01 10:08:17,monthly,12
C0026368,2026-05-01 10:15:18,annual,99
C0011811,2026-05-01 10:54:08,monthly,12
C0005888,2026-05-01 11:45:18,monthly,12
C0018186,2026-05-01 11:45:54,annual,99
C0020770,2026-05-01 11:47:42,monthly,12
C0014245,2026-05-01 12:17:23,monthly,12
C0010744,2026-05-01 12:34:02,monthly,12
C0006620,2026-05-01 14:14:51,monthly,12
C0022809,2026-05-01 14:19:40,annual,99
C0008914,2026-05-01 14:22:33,annual,99
C0002680,2026-05-01 14:55:20,monthly,12
C0003793,2026-05-01 14:59:13,monthly,12
C0023576,2026-05-01 15:23:13,annual,99
C0032399,2026-05-01 15:28:47,annual,99
C0002811,2026-05-01 15:47:26,annual,99
C0026634,2026-05-01 16:06:07,monthly,12
C0036938,2026-05-01 16:52:07,monthly,12
C0034134,2026-05-01 17:11:02,annual,99
C0010110,2026-05-01 17:26:53,monthly,12
C0025569,2026-05-01 17:36:14,monthly,12
C0032381,2026-05-01 19:03:56,monthly,12
C0012788,2026-05-01 19:41:58,annual,99
C0008308,2026-05-01 21:48:38,annual,99
C0035103,2026-05-01 21:49:36,annual,99
C0009683,2026-05-01 22:25:19,annual,99
C0034477,2026-05-01 23:00:07,annual,99
C0027354,2026-05-01 23:20:48,annual,99
C0037749,2026-05-01 23:26:00,monthly,12
C0019364,2026-05-01 23:36:18,annual,99
C0024540,2026-05-01 23:50:16,monthly,12
C0010833,2026-05-02 00:06:32,monthly,12
C0010830,2026-05-02 00:13:13,monthly,12
C0039201,2026-05-02 00:17:29,monthly,12
C0017840,2026-05-02 00:30:50,monthly,12
C0039428,2026-05-02 01:01:29,annual,99
C0038452,2026-05-02 01:16:51,monthly,12
C0034509,2026-05-02 01:59:31,annual,99
C0004082,2026-05-02 02:18:14,monthly,12
C0033477,2026-05-02 02:37:32,annual,99
C0005433,2026-05-02 02:56:56,monthly,12
C0007792,2026-05-02 03:28:24,monthly,12
C0034084,2026-05-02 04:25:18,monthly,12
C0005154,2026-05-02 04:38:16,annual,99
C0005815,2026-05-02 04:45:26,annual,99
C0034333,2026-05-02 04:55:51,annual,99
C0020401,2026-05-02 05:00:39,monthly,12
C0006507,2026-05-02 05:16:19,monthly,12
C0027026,2026-05-02 06:04:10,annual,99
C0001695,2026-05-02 06:34:33,monthly,12
C0006530,2026-05-02 07:46:33,annual,99
C0020588,2026-05-02 08:54:10,monthly,12
C0016264,2026-05-02 09:00:23,annual,99
C0037761,2026-05-02 09:01:10,monthly,12
C0027190,2026-05-02 09:12:23,monthly,12
C0011973,2026-05-02 09:38:32,annual,99
C0037780,2026-05-02 10:22:27,annual,99
C0004942,2026-05-02 10:52:05,annual,99
C0002152,2026-05-02 10:59:25,monthly,12
C0029814,2026-05-02 11:00:23,monthly,12
C0010996,2026-05-02 11:17:38,monthly,12
C0028544,2026-05-02 11:19:35,annual,99
C0034563,2026-05-02 11:21:23,annual,99
C0002686,2026-05-02 11:58:45,annual,99
C0034468,2026-05-02 12:47:08,monthly,12
C0026061,2026-05-02 12:53:55,annual,99
C0015833,2026-05-02 12:54:37,monthly,12
C0015614,2026-05-02 13:06:15,monthly,12
C0020802,2026-05-02 13:08:16,monthly,12
C0024382,2026-05-02 13:26:04,annual,99
C0008146,2026-05-02 13:42:31,annual,99
C0028797,2026-05-02 15:26:05,annual,99
C0014201,2026-05-02 15:26:42,monthly,12
C0035804,2026-05-02 15:34:18,annual,99
C0017416,2026-05-02 15:44:01,monthly,12
C0012525,2026-05-02 16:01:40,monthly,12
C0036541,2026-05-02 16:15:00,monthly,12
C0032412,2026-05-02 16:18:53,annual,99
C0019483,2026-05-02 16:20:39,monthly,12
C0028317,2026-05-02 16:33:10,annual,99
C0018254,2026-05-02 16:43:09,monthly,12
C0034031,2026-05-02 16:47:25,annual,99
C0019525,2026-05-02 17:00:04,monthly,12
C0007166,2026-05-02 18:03:09,annual,99
C0027737,2026-05-02 18:04:59,annual,99
C0039013,2026-05-02 18:13:18,annual,99
C0025785,2026-05-02 18:19:04,monthly,12
C0015258,2026-05-02 18:22:38,annual,99
C0033539,2026-05-02 19:13:54,monthly,12
C0018606,2026-05-02 19:21:23,monthly,12
C0031074,2026-05-02 19:41:23,annual,99
C0012057,2026-05-02 19:49:32,monthly,12
C0000305,2026-05-02 20:10:38,monthly,12
C0030493,2026-05-02 20:31:28,monthly,12
C0000853,2026-05-02 20:45:20,monthly,12
C0031937,2026-05-02 23:36:19,monthly,12
C0021083,2026-05-03 00:33:44,annual,99
C0035499,2026-05-03 01:34:38,monthly,12
C0034544,2026-05-03 01:42:59,annual,99
C0007561,2026-05-03 03:32:39,annual,99
C0011660,2026-05-03 03:34:43,monthly,12
C0002140,2026-05-03 03:43:13,monthly,12
C0037466,2026-05-03 03:49:15,monthly,12
C0038157,2026-05-03 03:58:25,monthly,12
C0025319,2026-05-03 04:31:10,monthly,12
C0029855,2026-05-03 04:58:11,monthly,12
C0014097,2026-05-03 05:06:00,annual,99
C0011007,2026-05-03 05:51:24,annual,99
C0019474,2026-05-03 06:51:46,annual,99
C0035970,2026-05-03 07:07:12,monthly,12
C0025995,2026-05-03 07:35:03,monthly,12
C0014518,2026-05-03 08:05:32,annual,99
C0029671,2026-05-03 08:10:44,annual,99
C0024357,2026-05-03 08:13:03,annual,99
C0005473,2026-05-03 08:17:35,monthly,12
C0023572,2026-05-03 08:22:36,annual,99
C0003036,2026-05-03 08:39:02,annual,99
C0011140,2026-05-03 08:55:16,annual,99
C0028889,2026-05-03 09:16:07,monthly,12
C0039828,2026-05-03 09:21:39,monthly,12
C0037268,2026-05-03 09:22:13,annual,99
C0022791,2026-05-03 09:58:08,annual,99
C0022218,2026-05-03 10:01:44,monthly,12
C0007025,2026-05-03 10:06:26,annual,99
C0031833,2026-05-03 10:22:43,monthly,12
C0034146,2026-05-03 11:16:56,annual,99
C0012540,2026-05-03 11:28:43,monthly,12
C0029185,2026-05-03 11:36:37,monthly,12
C0000297,2026-05-03 11:51:21,monthly,12
C0017915,2026-05-03 12:15:47,monthly,12
C0022998,2026-05-03 13:21:18,annual,99
C0018445,2026-05-03 13:22:30,annual,99
C0032366,2026-05-03 13:51:49,annual,99
C0030424,2026-05-03 13:55:41,monthly,12
C0017003,2026-05-03 14:17:35,annual,99
C0037425,2026-05-03 14:57:24,annual,99
C0033446,2026-05-03 15:16:21,annual,99
C0017604,2026-05-03 15:19:02,monthly,12
C0032523,2026-05-03 15:24:58,monthly,12
C0020876,2026-05-03 15:45:27,annual,99
C0021879,2026-05-03 15:52:05,monthly,12
C0035927,2026-05-03 16:28:33,annual,99
C0004312,2026-05-03 16:55:22,monthly,12
C0002214,2026-05-03 17:05:49,annual,99
C0002011,2026-05-03 17:27:10,monthly,12
C0015858,2026-05-03 17:44:05,annual,99
C0009101,2026-05-03 17:59:43,monthly,12
C0031511,2026-05-03 18:38:50,monthly,12
C0035557,2026-05-03 19:16:42,annual,99
C0002721,2026-05-03 19:29:16,monthly,12
C0038540,2026-05-03 19:38:47,monthly,12
C0023349,2026-05-03 20:08:43,annual,99
C0035255,2026-05-03 20:59:44,annual,99
C0039951,2026-05-03 21:19:54,annual,99
C0039815,2026-05-03 21:34:45,monthly,12
C0003774,2026-05-03 22:03:08,monthly,12
C0012155,2026-05-03 22:18:26,monthly,12
C0006256,2026-05-03 22:20:18,annual,99
C0003618,2026-05-03 22:29:10,monthly,12
C0022654,2026-05-03 22:31:47,monthly,12
C0036460,2026-05-03 23:09:24,monthly,12
C0030667,2026-05-04 00:14:11,annual,99
C0004804,2026-05-04 00:24:58,annual,99
C0033732,2026-05-04 00:26:14,monthly,12
C0039738,2026-05-04 00:27:52,annual,99
C0009843,2026-05-04 00:52:10,monthly,12
C0012842,2026-05-04 03:03:19,monthly,12
C0020923,2026-05-04 03:24:35,monthly,12
C0033387,2026-05-04 03:26:20,annual,99
C0036876,2026-05-04 03:42:36,annual,99
C0006388,2026-05-04 04:02:07,annual,99
C0030283,2026-05-04 04:06:42,monthly,12
C0027720,2026-05-04 04:15:02,annual,99
C0029280,2026-05-04 04:37:45,annual,99
C0028404,2026-05-04 04:50:29,annual,99
C0000007,2026-05-04 05:27:25,monthly,12
C0033922,2026-05-04 05:28:04,monthly,12
C0006579,2026-05-04 05:50:17,annual,99
C0017443,2026-05-04 05:53:32,annual,99
C0007717,2026-05-04 06:53:35,annual,99
C0038993,2026-05-04 06:58:20,annual,99
C0036685,2026-05-04 07:05:12,monthly,12
C0000064,2026-05-04 07:06:41,annual,99
C0012091,2026-05-04 07:28:50,monthly,12
C0025503,2026-05-04 07:29:00,monthly,12
C0033869,2026-05-04 07:36:12,annual,99
C0003834,2026-05-04 08:36:00,annual,99
C0008937,2026-05-04 09:24:55,monthly,12
C0017424,2026-05-04 09:29:36,monthly,12
C0020872,2026-05-04 09:30:31,annual,99
C0007494,2026-05-04 09:45:45,monthly,12
C0013883,2026-05-04 09:46:59,annual,99
C0025688,2026-05-04 09:55:33,annual,99
C0027802,2026-05-04 10:08:06,monthly,12
C0002658,2026-05-04 10:23:51,annual,99
C0019654,2026-05-04 10:28:06,monthly,12
C0039518,2026-05-04 10:42:48,annual,99
C0029236,2026-05-04 11:02:49,annual,99
C0000649,2026-05-04 11:24:44,annual,99
C0018996,2026-05-04 11:34:28,annual,99
C0006257,2026-05-04 12:35:47,monthly,12
C0025640,2026-05-04 13:14:58,annual,99
C0039941,2026-05-04 13:22:52,monthly,12
C0009070,2026-05-04 13:53:53,monthly,12
C0016131,2026-05-04 14:11:18,annual,99
C0035210,2026-05-04 15:01:15,monthly,12
C0021603,2026-05-04 15:48:52,monthly,12
C0026480,2026-05-04 16:14:22,annual,99
C0007712,2026-05-04 16:35:18,annual,99
C0005139,2026-05-04 16:37:37,annual,99
C0005025,2026-05-04 17:13:08,annual,99
C0000234,2026-05-04 17:57:23,annual,99
C0036633,2026-05-04 18:01:55,annual,99
C0007609,2026-05-04 18:26:02,annual,99
C0023858,2026-05-04 18:35:39,monthly,12
C0019617,2026-05-04 18:38:28,monthly,12
C0028110,2026-05-04 18:46:47,monthly,12
C0037975,2026-05-04 18:47:02,monthly,12
C0024995,2026-05-04 19:08:22,monthly,12
C0021179,2026-05-04 19:21:49,annual,99
C0008890,2026-05-04 19:29:15,annual,99
C0021132,2026-05-04 19:38:06,annual,99
C0010157,2026-05-04 19:43:45,monthly,12
C0020184,2026-05-04 19:53:27,annual,99
C0002660,2026-05-04 20:22:31,monthly,12
C0016618,2026-05-04 20:29:08,annual,99
C0030250,2026-05-04 20:37:17,monthly,12
C0022655,2026-05-04 20:45:29,monthly,12
C0004512,2026-05-04 21:02:37,annual,99
C0020240,2026-05-04 21:05:04,annual,99
C0013251,2026-05-04 21:10:42,annual,99
C0030426,2026-05-04 21:19:15,annual,99
C0035957,2026-05-04 21:28:40,monthly,12
C0031896,2026-05-04 21:45:20,annual,99
C0025592,2026-05-04 22:22:18,annual,99
C0024831,2026-05-04 22:49:09,annual,99
C0015759,2026-05-04 22:50:36,monthly,12
C0013541,2026-05-04 23:02:37,annual,99
C0033498,2026-05-04 23:45:44,annual,99
C0020732,2026-05-04 23:47:30,annual,99
C0019341,2026-05-04 23:51:36,annual,99
C0026346,2026-05-05 00:18:31,annual,99
C0015994,2026-05-05 00:28:25,annual,99
C0031610,2026-05-05 00:35:33,monthly,12
C0024291,2026-05-05 00:41:16,monthly,12
C0001976,2026-05-05 00:49:07,annual,99
C0029896,2026-05-05 02:31:07,monthly,12
C0032820,2026-05-05 02:50:53,monthly,12
C0000828,2026-05-05 03:03:08,annual,99
C0028134,2026-05-05 03:40:23,monthly,12
C0006160,2026-05-05 04:22:43,annual,99
C0025783,2026-05-05 04:51:24,monthly,12
C0025814,2026-05-05 04:53:59,annual,99
C0023439,2026-05-05 05:36:53,monthly,12
C0018566,2026-05-05 06:01:50,monthly,12
C0034925,2026-05-05 06:33:11,annual,99
C0025941,2026-05-05 07:05:10,monthly,12
C0018407,2026-05-05 07:09:07,monthly,12
C0011939,2026-05-05 07:33:07,annual,99
C0032449,2026-05-05 07:46:50,monthly,12
C0025623,2026-05-05 07:57:45,monthly,12
C0016414,2026-05-05 08:03:52,annual,99
C0017594,2026-05-05 08:36:48,monthly,12
C0018204,2026-05-05 08:42:39,monthly,12
C0036242,2026-05-05 08:43:49,annual,99
C0026207,2026-05-05 08:49:37,annual,99
C0029590,2026-05-05 08:50:54,monthly,12
C0027156,2026-05-05 09:54:14,annual,99
C0031089,2026-05-05 09:57:00,monthly,12
C0034778,2026-05-05 10:38:02,annual,99
C0020426,2026-05-05 10:58:28,monthly,12
C0033090,2026-05-05 11:21:03,monthly,12
C0023863,2026-05-05 12:23:58,monthly,12
C0009678,2026-05-05 12:34:54,annual,99
C0026972,2026-05-05 12:36:57,annual,99
C0011197,2026-05-05 12:40:33,monthly,12
C0027360,2026-05-05 12:56:51,annual,99
C0002589,2026-05-05 13:42:57,monthly,12
C0020871,2026-05-05 14:16:29,annual,99
C0026243,2026-05-05 14:39:25,annual,99
C0014834,2026-05-05 14:55:17,monthly,12
C0008854,2026-05-05 15:07:44,monthly,12
C0027401,2026-05-05 15:11:18,monthly,12
C0003610,2026-05-05 15:12:45,annual,99
C0005959,2026-05-05 15:53:47,monthly,12
C0007706,2026-05-05 15:57:01,annual,99
C0020599,2026-05-05 16:37:04,annual,99
C0012255,2026-05-05 16:38:05,annual,99
C0017759,2026-05-05 17:00:49,annual,99
C0005286,2026-05-05 17:47:14,annual,99
C0012094,2026-05-05 18:04:27,monthly,12
C0004611,2026-05-05 18:36:09,annual,99
C0017804,2026-05-05 18:44:32,monthly,12
C0013369,2026-05-05 19:45:53,monthly,12
C0023782,2026-05-05 20:48:21,annual,99
C0031772,2026-05-05 20:48:36,annual,99
C0024358,2026-05-05 21:20:06,monthly,12
C0013671,2026-05-05 21:23:05,monthly,12
C0006577,2026-05-05 21:49:24,monthly,12
C0016736,2026-05-05 22:27:16,monthly,12
C0001101,2026-05-05 22:50:24,annual,99
C0025531,2026-05-05 22:50:55,monthly,12
C0027621,2026-05-05 23:14:50,monthly,12
C0009759,2026-05-05 23:38:59,monthly,12
C0003124,2026-05-05 23:52:27,monthly,12
C0009951,2026-05-06 00:05:23,annual,99
C0016883,2026-05-06 00:05:50,annual,99
C0025309,2026-05-06 00:06:08,monthly,12
C0005117,2026-05-06 00:10:26,annual,99
C0011087,2026-05-06 00:20:51,monthly,12
C0036311,2026-05-06 00:22:52,monthly,12
C0028622,2026-05-06 00:52:47,annual,99
C0008897,2026-05-06 01:39:19,monthly,12
C0023899,2026-05-06 01:41:10,annual,99
C0015250,2026-05-06 01:59:06,annual,99
C0026964,2026-05-06 02:00:42,annual,99
C0039580,2026-05-06 02:09:50,annual,99
C0015942,2026-05-06 02:14:14,monthly,12
C0032902,2026-05-06 02:37:28,annual,99
C0019184,2026-05-06 02:47:04,annual,99
C0035009,2026-05-06 03:01:57,annual,99
C0011597,2026-05-06 03:12:46,monthly,12
C0030971,2026-05-06 03:17:05,monthly,12
C0007108,2026-05-06 03:39:35,monthly,12
C0011740,2026-05-06 03:44:27,annual,99
C0026995,2026-05-06 04:03:34,monthly,12
C0036844,2026-05-06 04:30:25,annual,99
C0005738,2026-05-06 04:37:13,monthly,12
C0037630,2026-05-06 04:38:48,annual,99
C0000570,2026-05-06 04:39:52,annual,99
C0014790,2026-05-06 04:53:16,monthly,12
C0005991,2026-05-06 05:08:23,annual,99
C0011778,2026-05-06 05:10:22,monthly,12
C0014108,2026-05-06 05:14:49,monthly,12
C0034221,2026-05-06 05:15:38,monthly,12
C0033978,2026-05-06 05:53:46,monthly,12
C0000415,2026-05-06 06:02:54,monthly,12
C0002076,2026-05-06 06:03:24,annual,99
C0011794,2026-05-06 07:10:18,monthly,12
C0021985,2026-05-06 07:16:22,annual,99
C0024754,2026-05-06 07:26:25,annual,99
C0034210,2026-05-06 07:54:19,monthly,12
C0004188,2026-05-06 08:23:27,monthly,12
C0003163,2026-05-06 08:57:52,annual,99
C0001940,2026-05-06 09:01:49,annual,99
C0035386,2026-05-06 09:24:51,annual,99
C0012130,2026-05-06 09:46:32,annual,99
C0028808,2026-05-06 10:24:04,monthly,12
C0028088,2026-05-06 10:52:28,annual,99
C0022516,2026-05-06 10:59:53,annual,99
C0008842,2026-05-06 11:15:42,monthly,12
C0010787,2026-05-06 11:42:21,annual,99
C0038322,2026-05-06 11:46:55,annual,99
C0014935,2026-05-06 12:29:53,annual,99
C0011709,2026-05-06 12:36:25,monthly,12
C0029463,2026-05-06 12:52:28,monthly,12
C0008515,2026-05-06 13:56:25,monthly,12
C0014419,2026-05-06 13:59:29,annual,99
C0030852,2026-05-06 14:23:29,monthly,12
C0001212,2026-05-06 14:52:36,monthly,12
C0026314,2026-05-06 14:55:42,annual,99
C0005225,2026-05-06 14:57:38,annual,99
C0008821,2026-05-06 15:02:58,monthly,12
C0022500,2026-05-06 15:11:03,annual,99
C0016752,2026-05-06 15:11:27,annual,99
C0024383,2026-05-06 15:13:24,annual,99
C0003837,2026-05-06 15:25:26,monthly,12
C0022857,2026-05-06 15:50:25,monthly,12
C0010462,2026-05-06 16:11:21,annual,99
C0026936,2026-05-06 16:24:55,monthly,12
C0017161,2026-05-06 16:41:07,annual,99
C0012746,2026-05-06 17:25:22,monthly,12
C0001541,2026-05-06 17:27:47,monthly,12
C0032774,2026-05-06 18:13:32,monthly,12
C0029860,2026-05-06 18:18:29,monthly,12
C0024519,2026-05-06 18:37:13,annual,99
C0022629,2026-05-06 19:05:41,annual,99
C0009244,2026-05-06 19:22:15,monthly,12
C0008359,2026-05-06 19:35:12,annual,99
C0039716,2026-05-06 19:40:59,annual,99
C0033992,2026-05-06 19:47:50,annual,99
C0017064,2026-05-06 20:08:55,annual,99
C0008981,2026-05-06 20:48:00,monthly,12
C0010038,2026-05-06 21:14:26,annual,99
C0002872,2026-05-06 21:23:36,monthly,12
C0017150,2026-05-06 21:48:09,monthly,12
C0000942,2026-05-06 22:28:16,monthly,12
C0015453,2026-05-06 22:40:44,monthly,12
C0035862,2026-05-06 22:59:14,annual,99
C0026479,2026-05-07 00:03:03,monthly,12
C0030313,2026-05-07 00:08:31,monthly,12
C0010544,2026-05-07 00:44:44,annual,99
C0035276,2026-05-07 01:36:28,annual,99
C0033481,2026-05-07 02:09:43,monthly,12
C0017525,2026-05-07 02:47:51,monthly,12
C0012041,2026-05-07 03:37:50,monthly,12
C0027585,2026-05-07 03:40:34,annual,99
C0018301,2026-05-07 04:16:14,annual,99
C0038484,2026-05-07 05:51:38,annual,99
C0026328,2026-05-07 06:32:49,annual,99
C0012870,2026-05-07 06:34:31,monthly,12
C0006605,2026-05-07 08:16:21,annual,99
C0001562,2026-05-07 09:16:06,monthly,12
C0008499,2026-05-07 09:51:26,annual,99
C0004882,2026-05-07 10:41:48,annual,99
C0018364,2026-05-07 10:55:42,monthly,12
C0017355,2026-05-07 11:03:12,monthly,12
C0019631,2026-05-07 11:04:31,monthly,12
C0034093,2026-05-07 11:04:58,monthly,12
C0008300,2026-05-07 12:13:46,monthly,12
C0007214,2026-05-07 12:19:53,monthly,12
C0026992,2026-05-07 12:39:42,monthly,12
C0006789,2026-05-07 13:38:52,annual,99
C0018858,2026-05-07 13:41:25,annual,99
C0023771,2026-05-07 13:42:39,monthly,12
C0009351,2026-05-07 14:04:24,annual,99
C0034113,2026-05-07 14:11:50,monthly,12
C0038851,2026-05-07 14:28:34,monthly,12
C0003963,2026-05-07 14:34:45,monthly,12
C0018693,2026-05-07 14:48:06,annual,99
C0020425,2026-05-07 15:19:30,monthly,12
C0019575,2026-05-07 15:35:29,annual,99
C0039275,2026-05-07 15:55:54,annual,99
C0031842,2026-05-07 16:17:43,monthly,12
C0039155,2026-05-07 16:41:48,monthly,12
C0033752,2026-05-07 17:29:19,monthly,12
C0008119,2026-05-07 17:32:12,monthly,12
C0012090,2026-05-07 17:42:30,annual,99
C0007955,2026-05-07 17:54:03,annual,99
C0000127,2026-05-07 18:01:21,monthly,12
C0011353,2026-05-07 18:02:38,annual,99
C0003102,2026-05-07 18:36:44,monthly,12
C0002820,2026-05-07 19:07:40,monthly,12
C0035706,2026-05-07 19:08:07,annual,99
C0035297,2026-05-07 19:32:39,annual,99
C0011646,2026-05-07 19:36:04,monthly,12
C0018088,2026-05-07 19:47:40,monthly,12
C0024749,2026-05-07 20:03:51,annual,99
C0025333,2026-05-07 20:14:23,monthly,12
C0037738,2026-05-07 20:22:13,monthly,12
C0027902,2026-05-07 20:48:19,annual,99
C0009812,2026-05-07 20:58:18,monthly,12
C0009122,2026-05-07 21:08:46,monthly,12
C0038735,2026-05-07 22:23:25,annual,99
C0009264,2026-05-07 22:32:36,annual,99
C0037908,2026-05-07 23:10:02,annual,99
C0025528,2026-05-07 23:31:28,annual,99
C0026024,2026-05-07 23:36:34,annual,99
C0003435,2026-05-08 00:11:06,monthly,12
C0010061,2026-05-08 00:17:36,annual,99
C0007532,2026-05-08 00:30:48,annual,99
C0037899,2026-05-08 00:38:11,monthly,12
C0012066,2026-05-08 01:24:06,monthly,12
C0026329,2026-05-08 01:43:47,annual,99
C0014943,2026-05-08 01:47:38,annual,99
C0020377,2026-05-08 02:00:10,monthly,12
C0018497,2026-05-08 02:28:57,annual,99
C0022342,2026-05-08 03:07:35,annual,99
C0008700,2026-05-08 03:09:34,monthly,12
C0022743,2026-05-08 04:13:52,monthly,12
C0010783,2026-05-08 04:42:42,monthly,12
C0003644,2026-05-08 04:43:36,monthly,12
C0006944,2026-05-08 07:15:51,monthly,12
C0035912,2026-05-08 07:30:16,annual,99
C0008547,2026-05-08 07:53:58,annual,99
C0030858,2026-05-08 08:02:43,monthly,12
C0008549,2026-05-08 08:13:11,annual,99
C0026567,2026-05-08 08:22:16,annual,99
C0013775,2026-05-08 08:51:25,monthly,12
C0036071,2026-05-08 09:24:19,monthly,12
C0014753,2026-05-08 09:25:01,annual,99
C0026850,2026-05-08 09:25:06,annual,99
C0009015,2026-05-08 09:37:23,monthly,12
C0006356,2026-05-08 10:45:44,monthly,12
C0033909,2026-05-08 11:08:47,monthly,12
C0030075,2026-05-08 11:08:58,monthly,12
C0029684,2026-05-08 11:34:49,monthly,12
C0004819,2026-05-08 12:06:31,monthly,12
C0005269,2026-05-08 12:07:44,annual,99
C0005653,2026-05-08 12:10:51,monthly,12
C0011568,2026-05-08 12:12:34,annual,99
C0010074,2026-05-08 12:31:20,monthly,12
C0008454,2026-05-08 12:49:54,annual,99
C0038018,2026-05-08 12:53:50,monthly,12
C0037957,2026-05-08 13:14:18,monthly,12
C0018280,2026-05-08 13:33:43,monthly,12
C0001267,2026-05-08 14:30:03,annual,99
C0012375,2026-05-08 14:40:11,annual,99
C0019043,2026-05-08 14:41:56,monthly,12
C0007682,2026-05-08 14:46:18,monthly,12
C0014590,2026-05-08 15:31:39,annual,99
C0038631,2026-05-08 15:50:31,annual,99
C0009170,2026-05-08 16:07:19,monthly,12
C0000855,2026-05-08 16:21:31,annual,99
C0038913,2026-05-08 16:24:11,annual,99
C0027560,2026-05-08 16:48:02,monthly,12
C0018799,2026-05-08 17:03:26,annual,99
C0020404,2026-05-08 17:19:07,monthly,12
C0012271,2026-05-08 17:22:12,monthly,12
C0037356,2026-05-08 17:36:56,monthly,12
C0033930,2026-05-08 17:48:56,monthly,12
C0020073,2026-05-08 18:45:05,monthly,12
C0001009,2026-05-08 19:52:42,monthly,12
C0001256,2026-05-08 20:56:03,monthly,12
C0035407,2026-05-08 21:12:24,annual,99
C0006556,2026-05-08 21:18:53,monthly,12
C0010475,2026-05-08 21:39:28,annual,99
C0032316,2026-05-08 22:26:08,annual,99
C0003152,2026-05-08 22:27:32,monthly,12
C0031437,2026-05-08 22:50:02,annual,99
C0024029,2026-05-08 23:04:17,monthly,12
C0011919,2026-05-08 23:10:48,annual,99
C0022930,2026-05-08 23:32:45,monthly,12
C0026179,2026-05-09 01:05:28,monthly,12
C0034374,2026-05-09 01:17:44,annual,99
C0039095,2026-05-09 01:17:48,annual,99
C0025466,2026-05-09 02:01:58,monthly,12
C0023188,2026-05-09 02:40:01,annual,99
C0034300,2026-05-09 02:42:36,annual,99
C0021142,2026-05-09 03:07:54,annual,99
C0006164,2026-05-09 03:35:52,annual,99
C0035794,2026-05-09 03:57:31,annual,99
C0015933,2026-05-09 04:06:07,monthly,12
C0005984,2026-05-09 04:29:11,monthly,12
C0033189,2026-05-09 04:49:56,annual,99
C0032137,2026-05-09 05:27:46,monthly,12
C0009316,2026-05-09 05:29:47,annual,99
C0009954,2026-05-09 06:41:08,annual,99
C0011590,2026-05-09 06:50:05,monthly,12
C0007610,2026-05-09 06:53:21,annual,99
C0015447,2026-05-09 07:17:00,annual,99
C0017233,2026-05-09 07:49:47,monthly,12
C0014399,2026-05-09 08:05:54,annual,99
C0005213,2026-05-09 08:06:29,monthly,12
C0030268,2026-05-09 08:53:09,monthly,12
C0000671,2026-05-09 10:11:39,annual,99
C0029339,2026-05-09 10:40:03,monthly,12
C0034733,2026-05-09 10:40:21,monthly,12
C0019615,2026-05-09 10:42:00,monthly,12
C0005116,2026-05-09 10:55:43,annual,99
C0018748,2026-05-09 11:24:32,annual,99
C0033558,2026-05-09 11:29:59,annual,99
C0028335,2026-05-09 12:03:46,monthly,12
C0033096,2026-05-09 12:48:23,annual,99
C0007555,2026-05-09 13:37:58,annual,99
C0015417,2026-05-09 14:00:39,annual,99
C0033045,2026-05-09 14:06:30,monthly,12
C0033492,2026-05-09 14:06:38,annual,99
C0016263,2026-05-09 14:06:52,monthly,12
C0020756,2026-05-09 14:12:01,annual,99
C0004933,2026-05-09 14:25:51,monthly,12
C0026387,2026-05-09 14:50:33,annual,99
C0036392,2026-05-09 15:08:55,annual,99
C0013192,2026-05-09 15:25:49,annual,99
C0017048,2026-05-09 15:36:57,monthly,12
C0014463,2026-05-09 15:45:08,monthly,12
C0019258,2026-05-09 15:55:01,monthly,12
C0022883,2026-05-09 15:56:56,monthly,12
C0009139,2026-05-09 16:05:14,annual,99
C0014223,2026-05-09 16:21:23,annual,99
C0032525,2026-05-09 16:36:56,monthly,12
C0035352,2026-05-09 16:37:15,annual,99
C0035458,2026-05-09 17:10:53,monthly,12
C0036664,2026-05-09 17:12:56,annual,99
C0026080,2026-05-09 17:13:19,annual,99
C0033491,2026-05-09 17:17:33,monthly,12
C0013742,2026-05-09 17:56:20,monthly,12
C0011721,2026-05-09 17:59:07,monthly,12
C0027035,2026-05-09 18:15:14,annual,99
C0026232,2026-05-09 18:26:12,monthly,12
C0037809,2026-05-09 18:34:34,annual,99
C0004239,2026-05-09 19:34:18,annual,99
C0018818,2026-05-09 19:50:23,monthly,12
C0026344,2026-05-09 20:02:06,annual,99
C0016665,2026-05-09 20:37:17,monthly,12
C0017140,2026-05-09 20:38:31,annual,99
C0025414,2026-05-09 21:04:06,annual,99
C0012015,2026-05-09 21:38:29,annual,99
C0018883,2026-05-09 21:57:08,monthly,12
C0005843,2026-05-09 22:03:03,annual,99
C0018954,2026-05-09 22:08:24,annual,99
C0032584,2026-05-09 22:09:56,annual,99
C0001088,2026-05-09 22:26:17,monthly,12
C0005825,2026-05-09 22:46:08,annual,99
C0003954,2026-05-09 23:13:07,annual,99
C0013467,2026-05-09 23:50:10,annual,99
C0029124,2026-05-09 23:59:28,monthly,12
C0038568,2026-05-10 00:19:39,annual,99
C0033771,2026-05-10 00:29:33,annual,99
C0006737,2026-05-10 00:40:21,annual,99
C0028292,2026-05-10 00:43:26,annual,99
C0029627,2026-05-10 01:21:14,annual,99
C0020877,2026-05-10 01:31:31,annual,99
C0036471,2026-05-10 01:34:36,monthly,12
C0010576,2026-05-10 02:15:05,annual,99
C0029091,2026-05-10 02:32:41,annual,99
C0026620,2026-05-10 02:42:08,monthly,12
C0037453,2026-05-10 04:03:38,monthly,12
C0026506,2026-05-10 04:04:27,monthly,12
C0022474,2026-05-10 04:24:14,monthly,12
C0021781,2026-05-10 04:26:58,monthly,12
C0028056,2026-05-10 05:15:12,monthly,12
C0030334,2026-05-10 05:24:27,monthly,12
C0028471,2026-05-10 05:29:22,annual,99
C0015523,2026-05-10 05:30:12,monthly,12
C0001156,2026-05-10 05:39:55,monthly,12
C0031221,2026-05-10 06:14:58,annual,99
C0020309,2026-05-10 06:17:34,monthly,12
C0025373,2026-05-10 07:48:48,monthly,12
C0036554,2026-05-10 08:03:13,monthly,12
C0000539,2026-05-10 08:12:43,monthly,12
C0000096,2026-05-10 08:24:17,annual,99
C0008278,2026-05-10 08:29:32,monthly,12
C0031776,2026-05-10 08:31:20,monthly,12
C0036588,2026-05-10 09:14:50,annual,99
C0009547,2026-05-10 09:26:40,annual,99
C0003758,2026-05-10 09:27:21,annual,99
C0023074,2026-05-10 09:52:58,annual,99
C0004438,2026-05-10 10:34:13,annual,99
C0005107,2026-05-10 10:50:53,monthly,12
C0021206,2026-05-10 10:52:09,monthly,12
C0030136,2026-05-10 11:05:09,monthly,12
C0011772,2026-05-10 11:40:47,annual,99
C0035391,2026-05-10 11:52:37,annual,99
C0002626,2026-05-10 11:54:59,monthly,12
C0022886,2026-05-10 12:01:29,annual,99
C0019940,2026-05-10 12:23:07,annual,99
C0015299,2026-05-10 12:29:19,annual,99
C0005226,2026-05-10 12:30:06,annual,99
C0021410,2026-05-10 13:19:02,annual,99
C0001720,2026-05-10 13:21:58,monthly,12
C0036510,2026-05-10 13:36:04,annual,99
C0032775,2026-05-10 13:48:40,monthly,12
C0027141,2026-05-10 14:17:48,annual,99
C0037333,2026-05-10 14:22:45,monthly,12
C0024508,2026-05-10 14:24:41,monthly,12
C0020584,2026-05-10 14:35:35,annual,99
C0010510,2026-05-10 14:38:41,monthly,12
C0000185,2026-05-10 16:09:06,monthly,12
C0029941,2026-05-10 16:19:04,monthly,12
C0007287,2026-05-10 16:21:40,annual,99
C0002941,2026-05-10 16:30:49,monthly,12
C0030266,2026-05-10 17:14:32,annual,99
C0011415,2026-05-10 17:19:46,annual,99
C0019697,2026-05-10 17:25:51,annual,99
C0038017,2026-05-10 17:42:25,monthly,12
C0032200,2026-05-10 17:49:56,annual,99
C0021631,2026-05-10 18:05:48,monthly,12
C0000996,2026-05-10 18:46:03,annual,99
C0028093,2026-05-10 19:04:08,monthly,12
C0011881,2026-05-10 19:34:37,annual,99
C0001692,2026-05-10 19:57:17,monthly,12
C0034826,2026-05-10 20:03:58,monthly,12
C0002576,2026-05-10 20:07:53,monthly,12
C0031906,2026-05-10 20:20:50,monthly,12
C0003295,2026-05-10 20:37:38,annual,99
C0025568,2026-05-10 21:41:50,monthly,12
C0001193,2026-05-10 22:00:11,annual,99
C0037226,2026-05-10 22:55:53,monthly,12
C0007978,2026-05-10 22:57:58,monthly,12
C0029639,2026-05-10 23:15:19,monthly,12
C0007606,2026-05-11 00:07:16,monthly,12
C0002417,2026-05-11 00:16:05,monthly,12
C0023118,2026-05-11 00:42:07,monthly,12
C0027987,2026-05-11 01:06:41,monthly,12
C0017602,2026-05-11 01:07:16,monthly,12
C0028410,2026-05-11 01:13:06,monthly,12
C0021867,2026-05-11 01:31:28,monthly,12
C0039422,2026-05-11 01:51:49,annual,99
C0039935,2026-05-11 01:58:26,annual,99
C0024573,2026-05-11 02:25:41,annual,99
C0003069,2026-05-11 02:31:34,annual,99
C0003655,2026-05-11 02:57:24,monthly,12
C0003603,2026-05-11 03:00:02,monthly,12
C0032098,2026-05-11 03:28:41,monthly,12
C0034653,2026-05-11 03:59:33,annual,99
C0033337,2026-05-11 04:10:50,monthly,12
C0011729,2026-05-11 04:18:58,annual,99
C0014130,2026-05-11 04:33:31,monthly,12
C0011557,2026-05-11 04:41:21,annual,99
C0021375,2026-05-11 06:24:03,monthly,12
C0008980,2026-05-11 06:40:48,monthly,12
C0037053,2026-05-11 06:42:23,monthly,12
C0013376,2026-05-11 07:03:50,monthly,12
C0014374,2026-05-11 07:10:47,monthly,12
C0002100,2026-05-11 07:15:34,monthly,12
C0029747,2026-05-11 07:33:28,annual,99
C0030290,2026-05-11 07:33:41,annual,99
C0032717,2026-05-11 07:54:10,monthly,12
C0000319,2026-05-11 08:01:02,annual,99
C0010986,2026-05-11 08:31:15,annual,99
C0017287,2026-05-11 09:03:39,annual,99
C0009295,2026-05-11 09:40:36,annual,99
C0022675,2026-05-11 09:45:59,annual,99
C0036115,2026-05-11 09:50:46,monthly,12
C0003095,2026-05-11 09:53:05,annual,99
C0025585,2026-05-11 10:01:28,monthly,12
C0019031,2026-05-11 10:03:17,annual,99
C0033100,2026-05-11 11:13:44,monthly,12
C0009394,2026-05-11 11:16:46,monthly,12
C0006396,2026-05-11 11:46:31,annual,99
C0022968,2026-05-11 12:17:36,monthly,12
C0018360,2026-05-11 12:35:44,annual,99
C0013970,2026-05-11 13:19:18,monthly,12
C0018857,2026-05-11 13:41:39,annual,99
C0023193,2026-05-11 14:14:50,monthly,12
C0038362,2026-05-11 14:57:59,monthly,12
C0002484,2026-05-11 15:41:26,monthly,12
C0001002,2026-05-11 16:00:32,annual,99
C0026623,2026-05-11 16:26:07,annual,99
C0018908,2026-05-11 17:14:58,monthly,12
C0008097,2026-05-11 17:34:00,annual,99
C0039976,2026-05-11 17:57:17,monthly,12
C0029017,2026-05-11 18:42:19,annual,99
C0013780,2026-05-11 18:42:31,annual,99
C0036984,2026-05-11 18:46:12,annual,99
C0020418,2026-05-11 18:47:52,annual,99
C0026821,2026-05-11 19:06:25,monthly,12
C0010082,2026-05-11 19:40:52,annual,99
C0026659,2026-05-11 19:40:53,annual,99
C0039206,2026-05-11 19:40:58,monthly,12
C0028159,2026-05-11 19:52:17,monthly,12
C0012880,2026-05-11 20:27:26,monthly,12
C0030004,2026-05-11 21:07:24,annual,99
C0013047,2026-05-11 21:08:51,monthly,12
C0000796,2026-05-11 21:34:52,annual,99
C0028068,2026-05-11 21:59:05,annual,99
C0016096,2026-05-11 22:25:45,annual,99
C0002133,2026-05-11 22:37:21,monthly,12
C0017944,2026-05-11 23:34:32,annual,99
C0012732,2026-05-11 23:54:34,monthly,12
C0025561,2026-05-12 00:01:23,monthly,12
C0019068,2026-05-12 00:28:02,annual,99
C0031161,2026-05-12 00:33:24,monthly,12
C0021320,2026-05-12 01:04:57,annual,99
C0039056,2026-05-12 01:07:31,monthly,12
C0019074,2026-05-12 02:12:44,monthly,12
C0018827,2026-05-12 02:43:07,annual,99
C0030309,2026-05-12 03:16:12,monthly,12
C0020799,2026-05-12 03:56:33,annual,99
C0038208,2026-05-12 04:10:06,monthly,12
C0033238,2026-05-12 04:17:18,annual,99
C0035991,2026-05-12 04:44:39,monthly,12
C0027807,2026-05-12 04:46:27,monthly,12
C0024082,2026-05-12 05:13:41,monthly,12
C0003728,2026-05-12 06:12:28,monthly,12
C0026382,2026-05-12 06:17:32,annual,99
C0001481,2026-05-12 06:41:30,monthly,12
C0032790,2026-05-12 06:53:31,annual,99
C0008485,2026-05-12 07:16:43,annual,99
C0025892,2026-05-12 07:19:31,monthly,12
C0035655,2026-05-12 07:23:18,monthly,12
C0037989,2026-05-12 07:33:57,monthly,12
C0008029,2026-05-12 07:46:00,annual,99
C0008227,2026-05-12 07:55:01,monthly,12
C0014313,2026-05-12 08:07:57,monthly,12
C0037049,2026-05-12 08:10:37,monthly,12
C0027921,2026-05-12 08:18:33,monthly,12
C0034362,2026-05-12 08:23:22,annual,99
C0003444,2026-05-12 08:39:16,annual,99
C0009505,2026-05-12 08:56:07,annual,99
C0022381,2026-05-12 10:06:33,annual,99
C0003811,2026-05-12 10:10:10,monthly,12
C0017335,2026-05-12 10:12:42,monthly,12
C0034526,2026-05-12 10:15:06,monthly,12
C0039680,2026-05-12 11:38:16,annual,99
C0000520,2026-05-12 11:49:57,annual,99
C0024219,2026-05-12 12:22:03,monthly,12
C0018501,2026-05-12 12:32:30,annual,99
C0008346,2026-05-12 12:44:44,annual,99
C0035871,2026-05-12 13:13:38,annual,99
C0020791,2026-05-12 13:19:07,monthly,12
C0025773,2026-05-12 14:15:07,monthly,12
C0020898,2026-05-12 14:31:39,annual,99
C0036169,2026-05-12 15:02:50,annual,99
C0023844,2026-05-12 15:13:14,monthly,12
C0028688,2026-05-12 15:34:48,monthly,12
C0039757,2026-05-12 15:42:29,monthly,12
C0006478,2026-05-12 15:49:54,monthly,12
C0009261,2026-05-12 16:16:05,annual,99
C0006379,2026-05-12 16:18:56,monthly,12
C0028825,2026-05-12 16:25:15,monthly,12
C0003843,2026-05-12 16:40:33,monthly,12
C0005428,2026-05-12 17:02:41,monthly,12
C0029063,2026-05-12 17:10:08,monthly,12
C0014128,2026-05-12 17:52:04,annual,99
C0014369,2026-05-12 18:19:27,monthly,12
C0008793,2026-05-12 18:19:45,monthly,12
C0009855,2026-05-12 18:20:56,monthly,12
C0026068,2026-05-12 18:52:42,annual,99
C0011173,2026-05-12 19:03:37,monthly,12
C0037340,2026-05-12 19:22:24,monthly,12
C0037614,2026-05-12 20:33:40,annual,99
C0035594,2026-05-12 20:40:27,annual,99
C0020591,2026-05-12 20:53:18,annual,99
C0028949,2026-05-12 20:57:43,annual,99
C0011861,2026-05-12 22:03:49,annual,99
C0016520,2026-05-12 22:15:10,annual,99
C0029708,2026-05-12 22:26:43,monthly,12
C0032618,2026-05-12 22:40:03,annual,99
C0004395,2026-05-12 23:31:26,annual,99
C0019062,2026-05-13 00:05:32,monthly,12
C0016575,2026-05-13 01:03:49,monthly,12
C0031223,2026-05-13 01:50:43,monthly,12
C0037162,2026-05-13 01:53:30,monthly,12
C0035537,2026-05-13 02:04:17,monthly,12
C0007687,2026-05-13 02:32:00,annual,99
C0019041,2026-05-13 02:49:20,monthly,12
C0030723,2026-05-13 03:02:04,monthly,12
C0037795,2026-05-13 03:49:47,monthly,12
C0002129,2026-05-13 04:10:43,monthly,12
C0020461,2026-05-13 04:33:42,monthly,12
C0023394,2026-05-13 04:46:18,annual,99
C0028039,2026-05-13 04:46:49,annual,99
C0008019,2026-05-13 05:08:57,annual,99
C0013059,2026-05-13 05:25:39,monthly,12
C0033320,2026-05-13 05:50:32,annual,99
C0013215,2026-05-13 05:55:33,annual,99
C0034065,2026-05-13 06:19:03,monthly,12
C0001116,2026-05-13 06:25:19,annual,99
C0037454,2026-05-13 07:38:16,annual,99
C0017110,2026-05-13 08:12:32,annual,99
C0039242,2026-05-13 08:19:55,monthly,12
C0016795,2026-05-13 08:29:00,annual,99
C0000017,2026-05-13 08:51:38,monthly,12
C0037591,2026-05-13 09:20:10,annual,99
C0009204,2026-05-13 09:48:09,monthly,12
C0008722,2026-05-13 10:07:25,monthly,12
C0034200,2026-05-13 10:49:15,annual,99
C0019741,2026-05-13 11:07:05,monthly,12
C0003123,2026-05-13 11:32:25,annual,99
C0036819,2026-05-13 12:17:00,annual,99
C0007794,2026-05-13 12:42:55,annual,99
C0011465,2026-05-13 13:04:56,annual,99
C0008268,2026-05-13 13:17:12,monthly,12
C0038326,2026-05-13 13:17:19,monthly,12
C0011388,2026-05-13 13:26:29,monthly,12
C0018992,2026-05-13 13:35:50,annual,99
C0023300,2026-05-13 13:45:53,monthly,12
C0011810,2026-05-13 13:51:21,annual,99
C0013259,2026-05-13 14:00:29,monthly,12
C0028094,2026-05-13 14:10:08,annual,99
C0032239,2026-05-13 14:56:39,annual,99
C0018359,2026-05-13 15:09:15,annual,99
C0004625,2026-05-13 15:49:22,annual,99
C0002865,2026-05-13 15:57:11,annual,99
C0033482,2026-05-13 15:59:59,monthly,12
C0033611,2026-05-13 16:02:56,monthly,12
C0038580,2026-05-13 16:44:39,monthly,12
C0022987,2026-05-13 17:08:20,monthly,12
C0002422,2026-05-13 17:38:05,monthly,12
C0035731,2026-05-13 18:02:29,monthly,12
C0025297,2026-05-13 18:31:54,monthly,12
C0012312,2026-05-13 18:58:01,monthly,12
C0029451,2026-05-13 19:12:37,monthly,12
C0005099,2026-05-13 19:53:41,annual,99
C0035739,2026-05-13 20:38:19,monthly,12
C0030854,2026-05-13 20:39:46,annual,99
C0025220,2026-05-13 20:42:48,annual,99
C0001428,2026-05-13 20:53:56,monthly,12
C0002024,2026-05-13 21:07:37,annual,99
C0033347,2026-05-13 21:32:01,monthly,12
C0000428,2026-05-13 21:37:16,annual,99
C0039477,2026-05-13 21:39:01,monthly,12
C0002123,2026-05-13 22:02:48,annual,99
C0031779,2026-05-13 22:08:13,annual,99
C0023543,2026-05-13 22:29:42,monthly,12
C0007576,2026-05-13 22:46:22,annual,99
C0028349,2026-05-13 23:22:22,monthly,12
C0037688,2026-05-13 23:37:22,annual,99
C0003795,2026-05-14 00:25:28,annual,99
C0007821,2026-05-14 00:33:44,monthly,12
C0021163,2026-05-14 01:09:41,monthly,12
C0020269,2026-05-14 01:20:14,monthly,12
C0033375,2026-05-14 01:30:46,monthly,12
C0002442,2026-05-14 01:39:30,monthly,12
C0016227,2026-05-14 02:08:29,annual,99
C0031267,2026-05-14 02:15:13,annual,99
C0014709,2026-05-14 02:40:16,monthly,12
C0038266,2026-05-14 02:44:42,monthly,12
C0005157,2026-05-14 02:58:39,annual,99
C0033128,2026-05-14 03:08:42,monthly,12
C0031913,2026-05-14 03:27:21,monthly,12
C0001044,2026-05-14 03:43:11,annual,99
C0018479,2026-05-14 03:55:33,monthly,12
C0003494,2026-05-14 04:27:33,annual,99
C0032082,2026-05-14 04:35:51,monthly,12
C0024474,2026-05-14 04:46:52,monthly,12
C0023178,2026-05-14 05:07:40,monthly,12
C0010210,2026-05-14 05:16:32,annual,99
C0021151,2026-05-14 05:51:57,annual,99
C0038837,2026-05-14 06:04:23,annual,99
C0031576,2026-05-14 06:15:13,monthly,12
C0039196,2026-05-14 06:44:48,annual,99
C0000868,2026-05-14 06:53:20,monthly,12
C0037391,2026-05-14 07:07:54,monthly,12
C0018261,2026-05-14 07:17:52,monthly,12
C0016432,2026-05-14 07:44:49,annual,99
C0011767,2026-05-14 08:01:21,annual,99
C0001433,2026-05-14 08:04:39,monthly,12
C0029047,2026-05-14 08:09:34,monthly,12
C0024100,2026-05-14 08:35:58,monthly,12
C0025802,2026-05-14 08:37:19,annual,99
C0024848,2026-05-14 09:09:19,annual,99
C0023837,2026-05-14 09:34:28,monthly,12
C0026083,2026-05-14 10:52:29,monthly,12
C0020884,2026-05-14 11:40:09,monthly,12
C0009752,2026-05-14 11:45:57,annual,99
C0017965,2026-05-14 11:46:18,annual,99
C0003333,2026-05-14 11:57:20,monthly,12
C0034534,2026-05-14 12:41:55,annual,99
C0034728,2026-05-14 13:00:14,monthly,12
C0029286,2026-05-14 13:06:56,monthly,12
C0026967,2026-05-14 13:12:41,monthly,12
C0004197,2026-05-14 13:19:55,annual,99
C0028882,2026-05-14 13:20:04,monthly,12
C0022335,2026-05-14 13:34:57,monthly,12
C0015105,2026-05-14 13:40:23,monthly,12
C0030666,2026-05-14 14:08:19,monthly,12
C0025868,2026-05-14 14:15:40,monthly,12
C0021954,2026-05-14 14:33:30,annual,99
C0028321,2026-05-14 14:49:07,annual,99
C0024345,2026-05-14 14:50:05,monthly,12
C0033770,2026-05-14 15:41:25,annual,99
C0022519,2026-05-14 16:06:31,annual,99
C0028224,2026-05-14 16:37:04,monthly,12
C0033047,2026-05-14 16:49:18,annual,99
C0030806,2026-05-14 17:31:00,monthly,12
C0023414,2026-05-14 17:38:35,annual,99
C0009863,2026-05-14 18:06:18,monthly,12
C0012451,2026-05-14 18:37:22,annual,99
C0024650,2026-05-14 18:45:19,monthly,12
C0020558,2026-05-14 18:52:05,monthly,12
C0024977,2026-05-14 19:07:58,monthly,12
C0016349,2026-05-14 19:19:07,annual,99
C0035074,2026-05-14 19:20:36,annual,99
C0024371,2026-05-14 19:35:45,annual,99
C0036925,2026-05-14 19:38:31,monthly,12
C0000450,2026-05-14 20:04:01,monthly,12
C0013645,2026-05-14 20:12:03,monthly,12
C0015822,2026-05-14 20:16:26,annual,99
C0020021,2026-05-14 20:19:14,annual,99
C0035088,2026-05-14 20:24:41,monthly,12
C0002060,2026-05-14 20:31:21,monthly,12
C0001723,2026-05-14 20:37:57,monthly,12
C0003524,2026-05-14 21:39:57,monthly,12
C0022957,2026-05-14 22:01:21,monthly,12
C0032777,2026-05-14 22:37:44,annual,99
C0003196,2026-05-14 22:39:06,annual,99
C0006709,2026-05-14 22:45:52,monthly,12
C0038226,2026-05-14 22:55:59,monthly,12
C0016187,2026-05-14 23:17:45,monthly,12
C0030223,2026-05-14 23:22:24,annual,99
C0034209,2026-05-14 23:31:55,annual,99
C0028745,2026-05-14 23:59:45,annual,99
C0022880,2026-05-15 00:27:29,monthly,12
C0000622,2026-05-15 00:31:48,annual,99
C0007633,2026-05-15 00:43:37,annual,99
C0002061,2026-05-15 00:54:43,annual,99
C0032236,2026-05-15 00:57:40,annual,99
C0014610,2026-05-15 01:18:29,monthly,12
C0016419,2026-05-15 02:11:18,annual,99
C0004939,2026-05-15 02:13:07,monthly,12
C0039169,2026-05-15 02:35:12,monthly,12
C0029640,2026-05-15 02:38:08,annual,99
C0017666,2026-05-15 03:05:18,monthly,12
C0007431,2026-05-15 03:23:19,annual,99
C0007669,2026-05-15 04:22:16,monthly,12
C0031106,2026-05-15 04:49:43,annual,99
C0006208,2026-05-15 04:55:26,annual,99
C0028426,2026-05-15 05:04:19,monthly,12
C0028721,2026-05-15 05:34:56,annual,99
C0033526,2026-05-15 05:53:30,annual,99
C0016994,2026-05-15 06:36:08,monthly,12
C0012556,2026-05-15 06:40:35,annual,99
C0038786,2026-05-15 07:13:13,monthly,12
C0039137,2026-05-15 07:25:53,annual,99
C0001255,2026-05-15 07:39:56,annual,99
C0029903,2026-05-15 07:41:48,monthly,12
C0039451,2026-05-15 08:51:56,monthly,12
C0008216,2026-05-15 08:54:28,annual,99
C0034301,2026-05-15 09:58:00,monthly,12
C0010465,2026-05-15 10:03:26,monthly,12
C0016387,2026-05-15 10:42:40,monthly,12
C0020403,2026-05-15 10:52:59,annual,99
C0020415,2026-05-15 10:58:27,monthly,12
C0012216,2026-05-15 11:56:42,annual,99
C0013814,2026-05-15 12:29:42,annual,99
C0038094,2026-05-15 13:00:01,monthly,12
C0039816,2026-05-15 13:59:27,monthly,12
C0028062,2026-05-15 14:03:38,monthly,12
C0030717,2026-05-15 14:30:57,monthly,12
C0024302,2026-05-15 15:22:04,monthly,12
C0026056,2026-05-15 15:33:54,monthly,12
C0008777,2026-05-15 15:35:21,annual,99
C0029718,2026-05-15 16:31:22,monthly,12
C0018426,2026-05-15 16:57:20,annual,99
C0015783,2026-05-15 18:37:52,annual,99
C0035539,2026-05-15 18:54:49,monthly,12
C0038351,2026-05-15 19:06:04,annual,99
C0001096,2026-05-15 19:23:41,annual,99
C0005362,2026-05-15 19:55:54,annual,99
C0014591,2026-05-15 20:08:03,monthly,12
C0025486,2026-05-15 20:08:15,annual,99
C0022618,2026-05-15 20:16:05,annual,99
C0023315,2026-05-15 20:23:15,monthly,12
C0023883,2026-05-15 20:24:31,monthly,12
C0001204,2026-05-15 20:51:43,monthly,12
C0034540,2026-05-15 21:01:10,monthly,12
C0016437,2026-05-15 21:03:26,annual,99
C0004214,2026-05-15 21:12:48,monthly,12
C0023505,2026-05-15 21:13:15,annual,99
C0034646,2026-05-15 22:00:00,annual,99
C0000599,2026-05-15 22:30:44,monthly,12
C0024950,2026-05-15 22:56:19,monthly,12
C0030029,2026-05-15 23:33:24,annual,99
C0016199,2026-05-15 23:47:57,monthly,12
C0020181,2026-05-16 00:11:48,monthly,12
C0012121,2026-05-16 00:31:44,annual,99
C0007131,2026-05-16 00:53:15,annual,99
C0029556,2026-05-16 01:03:13,annual,99
C0010452,2026-05-16 01:17:38,annual,99
C0025703,2026-05-16 01:28:01,monthly,12
C0028803,2026-05-16 02:02:21,monthly,12
C0028022,2026-05-16 02:35:50,annual,99
C0024339,2026-05-16 02:37:20,monthly,12
C0027729,2026-05-16 03:00:52,monthly,12
C0031662,2026-05-16 03:28:02,monthly,12
C0032285,2026-05-16 03:31:20,annual,99
C0022116,2026-05-16 03:39:15,annual,99
C0011273,2026-05-16 03:40:13,annual,99
C0002725,2026-05-16 03:50:12,annual,99
C0024359,2026-05-16 04:03:53,monthly,12
C0020171,2026-05-16 04:27:40,monthly,12
C0029720,2026-05-16 04:36:25,monthly,12
C0020399,2026-05-16 04:48:32,monthly,12
C0008054,2026-05-16 05:50:30,monthly,12
C0015051,2026-05-16 06:30:39,monthly,12
C0014622,2026-05-16 06:56:08,annual,99
C0021176,2026-05-16 07:16:40,monthly,12
C0006003,2026-05-16 08:26:14,annual,99
C0022588,2026-05-16 08:52:09,monthly,12
C0010161,2026-05-16 09:27:20,monthly,12
C0013912,2026-05-16 09:27:25,annual,99
C0001347,2026-05-16 09:41:48,monthly,12
C0031556,2026-05-16 10:02:31,annual,99
C0016485,2026-05-16 10:18:05,monthly,12
C0038445,2026-05-16 10:24:54,annual,99
C0007637,2026-05-16 10:30:38,annual,99
C0022948,2026-05-16 10:50:06,monthly,12
C0001467,2026-05-16 11:19:10,monthly,12
C0039326,2026-05-16 12:08:34,annual,99
C0011949,2026-05-16 12:41:04,monthly,12
C0036551,2026-05-16 13:49:59,annual,99
C0017947,2026-05-16 13:50:23,monthly,12
C0025492,2026-05-16 13:50:46,monthly,12
C0010321,2026-05-16 14:27:59,monthly,12
C0029833,2026-05-16 14:37:07,monthly,12
C0017638,2026-05-16 14:48:11,annual,99
C0030977,2026-05-16 14:49:11,monthly,12
C0031342,2026-05-16 15:24:19,monthly,12
C0005103,2026-05-16 15:53:41,monthly,12
C0013232,2026-05-16 18:00:45,monthly,12
C0008861,2026-05-16 18:08:01,monthly,12
C0005594,2026-05-16 18:19:45,monthly,12
C0002554,2026-05-16 18:37:08,annual,99
C0020550,2026-05-16 18:43:04,annual,99
C0004241,2026-05-16 19:12:25,monthly,12
C0036436,2026-05-16 20:41:04,annual,99
C0013065,2026-05-16 20:46:54,annual,99
C0031970,2026-05-16 21:40:07,annual,99
C0017305,2026-05-16 21:52:47,monthly,12
C0028061,2026-05-16 22:54:02,monthly,12
C0005944,2026-05-16 23:17:30,monthly,12
C0031979,2026-05-16 23:19:56,annual,99
C0012573,2026-05-16 23:42:58,annual,99
C0032363,2026-05-17 00:22:08,annual,99
C0007490,2026-05-17 00:28:19,annual,99
C0022325,2026-05-17 01:30:15,monthly,12
C0001863,2026-05-17 01:45:18,annual,99
C0033541,2026-05-17 02:10:40,annual,99
C0016650,2026-05-17 02:24:55,monthly,12
C0025858,2026-05-17 03:24:27,annual,99
C0038371,2026-05-17 03:24:37,annual,99
C0024144,2026-05-17 04:02:24,monthly,12
C0007613,2026-05-17 04:06:15,monthly,12
C0017256,2026-05-17 04:08:46,annual,99
C0022313,2026-05-17 04:28:21,annual,99
C0020699,2026-05-17 04:38:53,monthly,12
C0035233,2026-05-17 04:51:29,monthly,12
C0031551,2026-05-17 04:58:30,monthly,12
C0013139,2026-05-17 05:15:19,monthly,12
C0000637,2026-05-17 05:15:48,monthly,12
C0015636,2026-05-17 05:17:51,monthly,12
C0006030,2026-05-17 05:21:55,annual,99
C0011990,2026-05-17 05:35:14,monthly,12
C0025900,2026-05-17 05:52:15,monthly,12
C0018634,2026-05-17 06:05:57,monthly,12
C0008064,2026-05-17 06:12:11,annual,99
C0016490,2026-05-17 06:16:29,monthly,12
C0015831,2026-05-17 06:33:50,annual,99
C0023071,2026-05-17 07:06:59,annual,99
C0016182,2026-05-17 07:51:24,monthly,12
C0028675,2026-05-17 08:00:32,monthly,12
C0036301,2026-05-17 08:32:12,annual,99
C0009042,2026-05-17 08:39:19,annual,99
C0037910,2026-05-17 09:29:40,monthly,12
C0015797,2026-05-17 10:06:04,monthly,12
C0007668,2026-05-17 10:13:26,annual,99
C0002331,2026-05-17 10:15:49,monthly,12
C0033425,2026-05-17 10:17:28,annual,99
C0005711,2026-05-17 10:29:34,monthly,12
C0016319,2026-05-17 10:30:08,annual,99
C0004916,2026-05-17 11:11:43,annual,99
C0013587,2026-05-17 11:29:16,monthly,12
C0039590,2026-05-17 11:31:17,annual,99
C0020980,2026-05-17 11:40:07,monthly,12
C0005066,2026-05-17 11:47:54,annual,99
C0033485,2026-05-17 12:59:10,monthly,12
C0032421,2026-05-17 13:28:46,annual,99
C0026114,2026-05-17 13:43:25,annual,99
C0036263,2026-05-17 14:03:41,monthly,12
C0022800,2026-05-17 14:08:29,annual,99
C0021010,2026-05-17 14:37:43,annual,99
C0031683,2026-05-17 15:19:54,monthly,12
C0013513,2026-05-17 15:43:10,annual,99
C0021684,2026-05-17 15:56:08,annual,99
C0034514,2026-05-17 16:05:31,annual,99
C0013338,2026-05-17 16:56:26,annual,99
C0000399,2026-05-17 17:08:21,monthly,12
C0036701,2026-05-17 17:20:56,annual,99
C0037423,2026-05-17 17:29:08,annual,99
C0005086,2026-05-17 17:30:00,monthly,12
C0007363,2026-05-17 18:03:46,monthly,12
C0027117,2026-05-17 18:08:21,annual,99
C0032593,2026-05-17 18:24:20,annual,99
C0006890,2026-05-17 19:56:51,annual,99
C0025474,2026-05-17 20:03:06,annual,99
C0002744,2026-05-17 20:35:14,annual,99
C0036909,2026-05-17 20:51:42,monthly,12
C0030915,2026-05-17 21:00:34,monthly,12
C0021256,2026-05-17 21:18:44,annual,99
C0016336,2026-05-17 21:47:09,monthly,12
C0034609,2026-05-17 23:30:39,monthly,12
C0016249,2026-05-17 23:35:36,annual,99
C0039072,2026-05-18 00:36:35,monthly,12
C0002265,2026-05-18 00:59:55,annual,99
C0022645,2026-05-18 02:09:11,annual,99
C0009380,2026-05-18 02:31:35,monthly,12
C0039136,2026-05-18 02:40:15,monthly,12
C0017388,2026-05-18 03:27:06,monthly,12
C0039210,2026-05-18 03:28:22,annual,99
C0015812,2026-05-18 03:32:29,monthly,12
C0028282,2026-05-18 03:56:53,monthly,12
C0033504,2026-05-18 04:25:17,monthly,12
C0030251,2026-05-18 04:59:11,monthly,12
C0013935,2026-05-18 05:14:12,monthly,12
C0005488,2026-05-18 05:20:55,annual,99
C0021325,2026-05-18 05:48:57,annual,99
C0034418,2026-05-18 05:53:53,annual,99
C0027834,2026-05-18 06:16:47,monthly,12
C0009824,2026-05-18 06:24:00,monthly,12
C0011085,2026-05-18 06:33:21,annual,99
C0008271,2026-05-18 06:56:35,annual,99
C0038733,2026-05-18 07:07:36,annual,99
C0001281,2026-05-18 07:22:30,annual,99
C0001989,2026-05-18 07:22:58,monthly,12
C0032624,2026-05-18 07:36:13,monthly,12
C0024079,2026-05-18 07:41:24,annual,99
C0022867,2026-05-18 08:27:55,annual,99
C0037011,2026-05-18 08:33:22,monthly,12
C0021976,2026-05-18 08:47:13,annual,99
C0007524,2026-05-18 08:54:30,monthly,12
C0031181,2026-05-18 09:22:01,monthly,12
C0014522,2026-05-18 09:42:46,monthly,12
C0007698,2026-05-18 09:50:33,annual,99
C0001253,2026-05-18 10:01:50,monthly,12
C0006778,2026-05-18 10:03:26,annual,99
C0034191,2026-05-18 10:30:39,monthly,12
C0012471,2026-05-18 11:57:05,annual,99
C0026662,2026-05-18 12:05:21,monthly,12
C0027538,2026-05-18 12:05:39,monthly,12
C0030525,2026-05-18 12:05:54,monthly,12
C0009979,2026-05-18 12:32:52,annual,99
C0004593,2026-05-18 13:08:50,monthly,12
C0014927,2026-05-18 13:33:50,annual,99
C0010183,2026-05-18 13:41:15,annual,99
C0039179,2026-05-18 13:51:27,monthly,12
C0027439,2026-05-18 14:57:18,monthly,12
C0002435,2026-05-18 14:58:08,annual,99
C0019326,2026-05-18 15:14:16,annual,99
C0013700,2026-05-18 15:47:39,annual,99
C0002088,2026-05-18 16:24:56,monthly,12
C0027797,2026-05-18 16:38:32,annual,99
C0033089,2026-05-18 16:43:54,annual,99
C0008472,2026-05-18 17:50:38,annual,99
C0030552,2026-05-18 17:51:19,annual,99
C0030602,2026-05-18 19:09:47,monthly,12
C0037612,2026-05-18 19:10:38,annual,99
C0014905,2026-05-18 19:38:50,annual,99
C0034394,2026-05-18 20:01:52,annual,99
C0002903,2026-05-18 20:05:50,monthly,12
C0000531,2026-05-18 20:56:55,monthly,12
C0030293,2026-05-18 21:15:41,annual,99
C0035845,2026-05-18 21:22:38,annual,99
C0033407,2026-05-18 21:25:08,monthly,12
C0010620,2026-05-18 21:41:41,monthly,12
C0026772,2026-05-18 21:49:01,annual,99
C0019916,2026-05-18 21:49:07,annual,99
C0026102,2026-05-18 21:49:55,annual,99
C0013871,2026-05-18 22:11:33,monthly,12
C0032319,2026-05-18 22:42:36,annual,99
C0000119,2026-05-18 22:58:37,annual,99
C0016268,2026-05-19 00:08:24,annual,99
C0034635,2026-05-19 00:24:29,monthly,12
C0010438,2026-05-19 00:26:45,annual,99
C0030354,2026-05-19 00:48:28,monthly,12
C0009235,2026-05-19 01:08:17,annual,99
C0005763,2026-05-19 02:09:33,monthly,12
C0027623,2026-05-19 02:24:48,monthly,12
C0020604,2026-05-19 03:33:23,annual,99
C0039589,2026-05-19 03:34:04,annual,99
C0012148,2026-05-19 03:56:20,monthly,12
C0021686,2026-05-19 04:25:57,monthly,12
C0004426,2026-05-19 04:45:54,monthly,12
C0024533,2026-05-19 05:02:14,monthly,12
C0002200,2026-05-19 05:44:33,monthly,12
C0008831,2026-05-19 06:27:43,annual,99
C0005696,2026-05-19 07:02:14,monthly,12
C0035341,2026-05-19 07:18:31,annual,99
C0017471,2026-05-19 08:10:54,monthly,12
C0003931,2026-05-19 08:19:21,annual,99
C0021659,2026-05-19 08:37:32,annual,99
C0010198,2026-05-19 08:43:52,annual,99
C0038471,2026-05-19 10:13:41,monthly,12
C0028535,2026-05-19 10:18:03,monthly,12
C0003038,2026-05-19 10:37:33,monthly,12
C0022293,2026-05-19 10:51:22,monthly,12
C0024507,2026-05-19 11:00:47,annual,99
C0008712,2026-05-19 11:10:57,annual,99
C0006791,2026-05-19 11:19:19,monthly,12
C0006294,2026-05-19 11:31:26,monthly,12
C0006281,2026-05-19 12:18:15,annual,99
C0017949,2026-05-19 12:24:16,monthly,12
C0017189,2026-05-19 12:46:57,annual,99
C0019630,2026-05-19 13:05:27,annual,99
C0036368,2026-05-19 13:23:56,annual,99
C0004208,2026-05-19 13:26:23,monthly,12
C0008791,2026-05-19 13:37:52,monthly,12
C0005332,2026-05-19 14:20:19,annual,99
C0002606,2026-05-19 14:24:12,annual,99
C0014630,2026-05-19 14:26:54,monthly,12
C0001860,2026-05-19 14:46:28,annual,99
C0037069,2026-05-19 15:11:29,annual,99
C0019109,2026-05-19 16:17:45,monthly,12
C0011442,2026-05-19 17:05:40,monthly,12
C0004568,2026-05-19 17:07:50,monthly,12
C0014624,2026-05-19 17:16:44,annual,99
C0010732,2026-05-19 17:18:44,annual,99
C0030388,2026-05-19 17:24:43,monthly,12
C0009382,2026-05-19 17:30:56,monthly,12
C0020656,2026-05-19 17:34:49,monthly,12
C0016877,2026-05-19 17:51:55,annual,99
C0007647,2026-05-19 18:07:47,monthly,12
C0038701,2026-05-19 18:18:41,annual,99
C0027492,2026-05-19 19:10:05,annual,99
C0004959,2026-05-19 20:22:20,annual,99
C0033990,2026-05-19 20:40:33,monthly,12
C0024380,2026-05-19 21:15:36,annual,99
C0037411,2026-05-19 21:46:30,annual,99
C0015804,2026-05-19 21:55:34,monthly,12
C0013623,2026-05-19 23:25:38,annual,99
C0015306,2026-05-19 23:26:25,monthly,12
C0019809,2026-05-20 00:08:11,annual,99
C0001490,2026-05-20 00:11:53,annual,99
C0009009,2026-05-20 01:50:25,annual,99
C0005274,2026-05-20 02:28:39,monthly,12
C0025596,2026-05-20 02:29:21,monthly,12
C0016470,2026-05-20 02:52:26,annual,99
C0011977,2026-05-20 02:53:13,monthly,12
C0027953,2026-05-20 02:56:48,monthly,12
C0017404,2026-05-20 03:00:07,monthly,12
C0013433,2026-05-20 03:11:49,monthly,12
C0030634,2026-05-20 03:47:21,annual,99
C0008007,2026-05-20 03:47:22,annual,99
C0015686,2026-05-20 03:48:30,monthly,12
C0013101,2026-05-20 03:59:40,annual,99
C0001190,2026-05-20 04:02:50,annual,99
C0039392,2026-05-20 04:03:19,monthly,12
C0028657,2026-05-20 04:12:06,monthly,12
C0013442,2026-05-20 04:23:50,annual,99
C0028240,2026-05-20 05:04:41,annual,99
C0007675,2026-05-20 05:10:26,annual,99
C0037984,2026-05-20 05:19:49,annual,99
C0017729,2026-05-20 05:30:02,monthly,12
C0014642,2026-05-20 06:16:38,annual,99
C0007741,2026-05-20 06:34:00,annual,99
C0023966,2026-05-20 06:51:48,annual,99
C0009418,2026-05-20 06:54:20,monthly,12
C0001485,2026-05-20 06:58:42,monthly,12
C0030262,2026-05-20 07:02:10,monthly,12
C0009598,2026-05-20 07:06:47,annual,99
C0004686,2026-05-20 07:27:09,monthly,12
C0015727,2026-05-20 08:15:29,monthly,12
C0007600,2026-05-20 08:21:46,annual,99
C0004413,2026-05-20 08:36:21,monthly,12
C0004725,2026-05-20 08:38:09,annual,99
C0016570,2026-05-20 09:02:27,monthly,12
C0019908,2026-05-20 09:03:49,monthly,12
C0015498,2026-05-20 09:11:10,monthly,12
C0000427,2026-05-20 09:36:55,monthly,12
C0016176,2026-05-20 10:03:21,monthly,12
C0016769,2026-05-20 10:13:26,monthly,12
C0018757,2026-05-20 10:48:57,monthly,12
C0017652,2026-05-20 10:56:25,monthly,12
C0008269,2026-05-20 10:57:06,annual,99
C0024976,2026-05-20 10:59:54,annual,99
C0019073,2026-05-20 11:44:09,monthly,12
C0004002,2026-05-20 12:21:01,annual,99
C0001280,2026-05-20 12:28:28,annual,99
C0028598,2026-05-20 12:33:06,annual,99
C0010287,2026-05-20 12:44:05,monthly,12
C0034253,2026-05-20 12:48:19,annual,99
C0037513,2026-05-20 13:03:07,monthly,12
C0029225,2026-05-20 13:42:30,annual,99
C0016331,2026-05-20 13:45:22,annual,99
C0016161,2026-05-20 14:15:21,annual,99
C0013061,2026-05-20 15:04:02,annual,99
C0024145,2026-05-20 15:06:49,annual,99
C0011543,2026-05-20 15:30:50,monthly,12
C0013782,2026-05-20 15:38:54,annual,99
C0028017,2026-05-20 15:56:33,monthly,12
C0032655,2026-05-20 16:01:25,annual,99
C0005987,2026-05-20 16:07:27,monthly,12
C0016897,2026-05-20 16:40:31,annual,99
C0023458,2026-05-20 16:45:32,monthly,12
C0007308,2026-05-20 16:49:12,annual,99
C0034885,2026-05-20 16:50:54,monthly,12
C0007047,2026-05-20 17:18:59,monthly,12
C0011584,2026-05-20 18:12:44,annual,99
C0016448,2026-05-20 18:29:54,annual,99
C0015788,2026-05-20 18:50:04,monthly,12
C0001019,2026-05-20 19:32:54,monthly,12
C0002972,2026-05-20 19:35:52,monthly,12
C0038941,2026-05-20 19:53:02,annual,99
C0011911,2026-05-20 20:11:12,annual,99
C0017136,2026-05-20 20:18:42,monthly,12
C0026570,2026-05-20 20:23:23,annual,99
C0009884,2026-05-20 20:28:00,annual,99
C0019121,2026-05-20 21:14:40,monthly,12
C0017482,2026-05-20 21:19:32,monthly,12
C0011689,2026-05-20 21:30:06,monthly,12
C0006790,2026-05-20 21:49:45,monthly,12
C0006939,2026-05-20 23:36:17,monthly,12
C0000488,2026-05-20 23:43:22,annual,99
C0007063,2026-05-21 00:07:28,monthly,12
C0016804,2026-05-21 00:29:38,annual,99
C0030536,2026-05-21 00:39:00,monthly,12
C0028330,2026-05-21 00:47:36,monthly,12
C0031260,2026-05-21 00:52:05,monthly,12
C0018967,2026-05-21 01:14:13,annual,99
C0022488,2026-05-21 01:19:05,monthly,12
C0032959,2026-05-21 01:33:53,annual,99
C0008755,2026-05-21 01:43:42,monthly,12
C0032110,2026-05-21 02:00:20,annual,99
C0000295,2026-05-21 02:25:58,annual,99
C0009848,2026-05-21 03:00:44,annual,99
C0037551,2026-05-21 03:08:15,annual,99
C0018459,2026-05-21 03:12:12,annual,99
C0023970,2026-05-21 03:22:59,monthly,12
C0001900,2026-05-21 03:58:40,annual,99
C0035832,2026-05-21 04:02:00,annual,99
C0006968,2026-05-21 04:04:36,annual,99
C0010136,2026-05-21 05:35:36,monthly,12
C0020178,2026-05-21 05:43:56,annual,99
C0005210,2026-05-21 05:57:48,monthly,12
C0035053,2026-05-21 06:13:27,annual,99
C0012958,2026-05-21 06:53:33,monthly,12
C0017368,2026-05-21 06:53:35,annual,99
C0014823,2026-05-21 06:56:34,annual,99
C0020227,2026-05-21 07:32:00,annual,99
C0030651,2026-05-21 07:41:14,monthly,12
C0023132,2026-05-21 07:43:42,monthly,12
C0015420,2026-05-21 07:44:37,monthly,12
C0011862,2026-05-21 07:52:10,monthly,12
C0014996,2026-05-21 08:45:12,annual,99
C0038930,2026-05-21 09:07:53,monthly,12
C0016340,2026-05-21 09:34:56,monthly,12
C0018058,2026-05-21 09:52:44,annual,99
C0007881,2026-05-21 11:14:54,annual,99
C0020360,2026-05-21 11:20:01,annual,99
C0024223,2026-05-21 11:36:24,annual,99
C0018962,2026-05-21 11:43:58,monthly,12
C0011674,2026-05-21 11:57:29,monthly,12
C0033603,2026-05-21 12:03:54,annual,99
C0029972,2026-05-21 12:08:41,annual,99
C0009571,2026-05-21 12:12:28,annual,99
C0003039,2026-05-21 12:29:32,monthly,12
C0037504,2026-05-21 12:37:23,monthly,12
C0036081,2026-05-21 12:50:13,annual,99
C0012500,2026-05-21 13:20:46,annual,99
C0003706,2026-05-21 13:25:48,monthly,12
C0018588,2026-05-21 14:18:00,annual,99
C0020944,2026-05-21 15:15:32,annual,99
C0037494,2026-05-21 15:35:43,annual,99
C0008100,2026-05-21 15:41:09,annual,99
C0003140,2026-05-21 15:52:59,annual,99
C0016602,2026-05-21 16:03:06,monthly,12
C0001309,2026-05-21 16:24:54,annual,99
C0000222,2026-05-21 17:25:20,annual,99
C0009367,2026-05-21 17:43:57,annual,99
C0001008,2026-05-21 18:11:31,annual,99
C0003667,2026-05-21 19:09:41,monthly,12
C0010726,2026-05-21 19:34:59,annual,99
C0030712,2026-05-21 20:01:21,annual,99
C0011317,2026-05-21 20:18:09,annual,99
C0018162,2026-05-21 20:57:05,monthly,12
C0018867,2026-05-21 21:10:23,annual,99
C0030626,2026-05-21 21:22:20,annual,99
C0020660,2026-05-21 21:53:52,annual,99
C0003836,2026-05-21 21:57:16,annual,99
C0036161,2026-05-21 22:36:18,monthly,12
C0032500,2026-05-21 22:42:38,monthly,12
C0031770,2026-05-21 23:05:14,annual,99
C0022632,2026-05-21 23:16:52,annual,99
C0024326,2026-05-21 23:47:12,annual,99
C0025597,2026-05-22 00:22:51,monthly,12
C0002170,2026-05-22 00:34:19,monthly,12
C0038620,2026-05-22 00:46:05,monthly,12
C0014192,2026-05-22 00:50:40,monthly,12
C0034126,2026-05-22 01:05:46,annual,99
C0028337,2026-05-22 01:07:42,monthly,12
C0039884,2026-05-22 01:37:17,annual,99
C0006212,2026-05-22 01:44:56,annual,99
C0039734,2026-05-22 01:53:56,annual,99
C0019868,2026-05-22 02:08:31,monthly,12
C0026353,2026-05-22 02:29:14,monthly,12
C0035986,2026-05-22 02:53:30,monthly,12
C0017958,2026-05-22 03:26:36,monthly,12
C0000690,2026-05-22 03:30:31,monthly,12
C0026715,2026-05-22 03:31:54,annual,99
C0008504,2026-05-22 03:32:01,monthly,12
C0003178,2026-05-22 04:22:49,monthly,12
C0001537,2026-05-22 04:28:07,annual,99
C0002353,2026-05-22 04:29:22,monthly,12
C0030974,2026-05-22 04:43:45,monthly,12
C0006854,2026-05-22 04:48:33,annual,99
C0038034,2026-05-22 05:14:05,monthly,12
C0030480,2026-05-22 05:29:48,annual,99
C0013945,2026-05-22 05:37:48,monthly,12
C0027048,2026-05-22 05:50:12,monthly,12
C0030775,2026-05-22 06:03:13,annual,99
C0011587,2026-05-22 06:24:39,monthly,12
C0000678,2026-05-22 06:52:02,annual,99
C0013811,2026-05-22 07:21:59,monthly,12
C0027779,2026-05-22 07:36:15,annual,99
C0023057,2026-05-22 07:50:08,annual,99
C0004799,2026-05-22 08:02:39,monthly,12
C0008479,2026-05-22 08:12:39,monthly,12
C0012818,2026-05-22 08:13:58,annual,99
C0002859,2026-05-22 08:29:32,monthly,12
C0007381,2026-05-22 08:31:21,monthly,12
C0036903,2026-05-22 09:54:24,annual,99
C0000307,2026-05-22 10:32:19,annual,99
C0028976,2026-05-22 10:35:15,monthly,12
C0006223,2026-05-22 12:12:16,annual,99
C0039534,2026-05-22 12:14:45,monthly,12
C0001049,2026-05-22 12:37:23,monthly,12
C0025358,2026-05-22 12:46:16,annual,99
C0006661,2026-05-22 12:47:56,monthly,12
C0020812,2026-05-22 12:50:10,annual,99
C0005408,2026-05-22 13:07:02,annual,99
C0023845,2026-05-22 13:46:06,annual,99
C0035135,2026-05-22 14:01:54,annual,99
C0005515,2026-05-22 14:23:09,annual,99
C0025877,2026-05-22 14:33:56,monthly,12
C0011995,2026-05-22 14:35:35,annual,99
C0013527,2026-05-22 14:50:08,monthly,12
C0008286,2026-05-22 14:53:49,annual,99
C0010546,2026-05-22 15:55:27,annual,99
C0024104,2026-05-22 15:59:28,annual,99
C0039260,2026-05-22 16:13:01,monthly,12
C0028198,2026-05-22 16:24:04,monthly,12
C0002896,2026-05-22 16:49:10,annual,99
C0002463,2026-05-22 16:50:00,monthly,12
C0014504,2026-05-22 16:51:25,annual,99
C0006173,2026-05-22 17:06:18,monthly,12
C0015176,2026-05-22 17:06:23,annual,99
C0017779,2026-05-22 17:47:59,monthly,12
C0026413,2026-05-22 18:04:50,annual,99
C0033339,2026-05-22 18:11:57,annual,99
C0022875,2026-05-22 19:25:37,monthly,12
C0031630,2026-05-22 20:11:04,annual,99
C0020327,2026-05-22 21:01:31,annual,99
C0037424,2026-05-22 21:04:56,monthly,12
C0027282,2026-05-22 21:27:18,annual,99
C0032785,2026-05-22 21:34:14,annual,99
C0001208,2026-05-22 21:35:40,annual,99
C0000242,2026-05-22 22:11:04,monthly,12
C0032892,2026-05-22 23:14:17,monthly,12
C0028445,2026-05-22 23:35:59,annual,99
C0033664,2026-05-22 23:38:31,annual,99
C0030031,2026-05-22 23:39:07,annual,99
C0031675,2026-05-23 00:11:05,annual,99
C0002410,2026-05-23 01:22:34,annual,99
C0026663,2026-05-23 01:59:08,monthly,12
C0027943,2026-05-23 02:07:00,annual,99
C0002842,2026-05-23 02:49:26,monthly,12
C0035226,2026-05-23 03:04:15,annual,99
C0029365,2026-05-23 04:05:21,monthly,12
C0033345,2026-05-23 04:07:05,annual,99
C0024781,2026-05-23 04:12:44,annual,99
C0010846,2026-05-23 04:22:39,monthly,12
C0037510,2026-05-23 05:00:25,annual,99
C0039944,2026-05-23 05:01:10,annual,99
C0038308,2026-05-23 05:28:21,annual,99
C0011325,2026-05-23 06:44:31,annual,99
C0003752,2026-05-23 07:24:02,monthly,12
C0025564,2026-05-23 08:00:27,annual,99
C0003970,2026-05-23 08:13:02,annual,99
C0029693,2026-05-23 09:04:35,monthly,12
C0019569,2026-05-23 09:08:10,monthly,12
C0024111,2026-05-23 09:10:29,annual,99
C0012524,2026-05-23 09:17:29,annual,99
C0021822,2026-05-23 09:17:46,monthly,12
C0039777,2026-05-23 09:18:34,annual,99
C0010512,2026-05-23 09:25:05,annual,99
C0021376,2026-05-23 09:33:22,annual,99
C0035687,2026-05-23 09:44:45,monthly,12
C0014584,2026-05-23 10:13:21,annual,99
C0013416,2026-05-23 10:15:34,monthly,12
C0028557,2026-05-23 10:52:13,monthly,12
C0033116,2026-05-23 11:00:42,monthly,12
C0038130,2026-05-23 11:25:13,monthly,12
C0037739,2026-05-23 11:47:10,annual,99
C0026081,2026-05-23 12:00:34,monthly,12
C0008448,2026-05-23 12:12:53,monthly,12
C0032240,2026-05-23 12:15:04,annual,99
C0027188,2026-05-23 12:15:59,monthly,12
C0031176,2026-05-23 12:47:23,annual,99
C0018340,2026-05-23 12:58:25,monthly,12
C0013009,2026-05-23 13:04:48,annual,99
C0037603,2026-05-23 13:12:16,annual,99
C0028682,2026-05-23 14:55:44,annual,99
C0007761,2026-05-23 15:04:19,annual,99
C0018337,2026-05-23 15:08:10,annual,99
C0018598,2026-05-23 15:23:44,annual,99
C0029204,2026-05-23 16:08:36,annual,99
C0032715,2026-05-23 16:24:35,annual,99
C0029352,2026-05-23 16:25:22,annual,99
C0032840,2026-05-23 16:25:29,monthly,12
C0017562,2026-05-23 16:52:06,annual,99
C0012872,2026-05-23 18:28:44,monthly,12
C0010700,2026-05-23 19:05:27,annual,99
C0003189,2026-05-23 19:16:14,monthly,12
C0020297,2026-05-23 19:43:05,monthly,12
C0026041,2026-05-23 19:50:58,annual,99
C0026884,2026-05-23 20:28:10,monthly,12
C0030776,2026-05-23 21:05:48,monthly,12
C0032985,2026-05-23 21:20:35,annual,99
C0002157,2026-05-23 21:21:13,annual,99
C0004581,2026-05-23 21:22:01,annual,99
C0019784,2026-05-23 21:22:39,monthly,12
C0009892,2026-05-23 21:43:09,annual,99
C0022028,2026-05-23 21:52:21,annual,99
C0012821,2026-05-23 22:07:29,monthly,12
C0001158,2026-05-23 22:09:00,monthly,12
C0035459,2026-05-23 22:25:07,monthly,12
C0037146,2026-05-23 22:29:47,monthly,12
C0033369,2026-05-23 22:52:40,annual,99
C0024053,2026-05-23 23:05:55,monthly,12
C0001966,2026-05-23 23:22:06,annual,99
C0007224,2026-05-23 23:44:51,monthly,12
C0026607,2026-05-24 00:03:01,monthly,12
C0024724,2026-05-24 00:24:34,monthly,12
C0010913,2026-05-24 00:41:27,annual,99
C0024596,2026-05-24 00:56:35,monthly,12
C0004554,2026-05-24 00:59:15,monthly,12
C0031762,2026-05-24 01:01:18,annual,99
C0016732,2026-05-24 01:22:53,annual,99
C0033847,2026-05-24 01:28:29,monthly,12
C0033346,2026-05-24 01:36:58,annual,99
C0011883,2026-05-24 02:16:05,monthly,12
C0021688,2026-05-24 02:40:18,annual,99
C0039490,2026-05-24 02:55:36,monthly,12
C0022933,2026-05-24 03:08:19,annual,99
C0012678,2026-05-24 03:34:15,annual,99
C0019754,2026-05-24 03:47:43,monthly,12
C0014089,2026-05-24 03:53:21,annual,99
C0008001,2026-05-24 04:06:53,monthly,12
C0025000,2026-05-24 04:35:48,monthly,12
C0025136,2026-05-24 04:49:28,annual,99
C0018610,2026-05-24 05:16:18,annual,99
C0034833,2026-05-24 05:34:35,annual,99
C0022599,2026-05-24 06:07:00,monthly,12
C0024444,2026-05-24 06:50:25,monthly,12
C0024351,2026-05-24 07:16:54,monthly,12
C0038436,2026-05-24 07:46:56,monthly,12
C0020669,2026-05-24 08:37:17,monthly,12
C0004971,2026-05-24 08:49:47,annual,99
C0013985,2026-05-24 08:56:52,annual,99
C0034245,2026-05-24 09:35:59,monthly,12
C0011693,2026-05-24 09:57:47,monthly,12
C0000687,2026-05-24 10:14:36,annual,99
C0038014,2026-05-24 11:09:16,annual,99
C0019261,2026-05-24 11:39:40,monthly,12
C0021461,2026-05-24 11:57:26,monthly,12
C0014687,2026-05-24 12:25:45,annual,99
C0017033,2026-05-24 12:30:28,monthly,12
C0023876,2026-05-24 12:59:03,annual,99
C0031597,2026-05-24 13:18:01,monthly,12
C0027249,2026-05-24 14:26:46,annual,99
C0020936,2026-05-24 14:41:04,annual,99
C0032077,2026-05-24 15:27:49,monthly,12
C0003019,2026-05-24 15:37:23,annual,99
C0037460,2026-05-24 16:14:47,monthly,12
C0005589,2026-05-24 16:15:22,monthly,12
C0011136,2026-05-24 16:36:33,annual,99
C0024081,2026-05-24 16:43:03,monthly,12
C0007315,2026-05-24 16:45:57,monthly,12
C0019169,2026-05-24 16:57:37,annual,99
C0021308,2026-05-24 16:58:16,annual,99
C0038937,2026-05-24 17:13:13,monthly,12
C0004786,2026-05-24 17:15:16,annual,99
C0000487,2026-05-24 17:17:20,annual,99
C0021500,2026-05-24 17:25:08,annual,99
C0013408,2026-05-24 17:37:20,monthly,12
C0022604,2026-05-24 19:46:18,monthly,12
C0019905,2026-05-24 20:43:47,annual,99
C0026775,2026-05-24 21:12:17,annual,99
C0007272,2026-05-24 21:16:35,annual,99
C0008871,2026-05-24 21:17:25,monthly,12
C0001822,2026-05-24 22:15:45,annual,99
C0004457,2026-05-24 22:20:30,monthly,12
C0008592,2026-05-24 22:49:00,annual,99
C0007344,2026-05-24 22:55:44,monthly,12
C0017307,2026-05-24 23:15:54,annual,99
C0033441,2026-05-24 23:19:04,monthly,12
C0008262,2026-05-24 23:26:10,annual,99
C0010931,2026-05-24 23:30:58,monthly,12
C0034039,2026-05-24 23:40:58,annual,99
C0023137,2026-05-24 23:57:00,monthly,12
C0016005,2026-05-25 01:03:04,annual,99
C0002882,2026-05-25 01:18:59,monthly,12
C0008654,2026-05-25 01:23:07,monthly,12
C0013134,2026-05-25 01:57:17,monthly,12
C0022991,2026-05-25 02:01:39,monthly,12
C0031754,2026-05-25 02:02:21,monthly,12
C0014402,2026-05-25 02:05:16,annual,99
C0006763,2026-05-25 02:10:27,monthly,12
C0018298,2026-05-25 03:34:39,annual,99
C0021853,2026-05-25 04:00:40,monthly,12
C0000206,2026-05-25 04:18:23,monthly,12
C0025336,2026-05-25 04:52:38,monthly,12
C0012447,2026-05-25 05:00:11,annual,99
C0006991,2026-05-25 05:25:39,annual,99
C0004689,2026-05-25 05:29:41,annual,99
C0024893,2026-05-25 05:35:19,annual,99
C0019147,2026-05-25 05:37:03,monthly,12
C0024240,2026-05-25 05:39:09,annual,99
C0037560,2026-05-25 05:41:25,annual,99
C0008388,2026-05-25 05:43:12,annual,99
C0032424,2026-05-25 05:50:58,annual,99
C0026585,2026-05-25 06:10:10,annual,99
C0031636,2026-05-25 06:38:58,monthly,12
C0022611,2026-05-25 06:52:36,monthly,12
C0029126,2026-05-25 07:20:58,monthly,12
C0029021,2026-05-25 07:33:16,monthly,12
C0032803,2026-05-25 07:46:30,monthly,12
C0023254,2026-05-25 08:00:33,monthly,12
C0038638,2026-05-25 08:26:08,monthly,12
C0001609,2026-05-25 09:01:16,monthly,12
C0008983,2026-05-25 09:25:20,annual,99
C0003275,2026-05-25 10:09:26,monthly,12
C0039796,2026-05-25 10:26:03,monthly,12
C0003804,2026-05-25 10:31:55,monthly,12
C0012488,2026-05-25 10:38:39,annual,99
C0022839,2026-05-25 11:04:51,annual,99
C0011032,2026-05-25 11:38:35,annual,99
C0000726,2026-05-25 11:51:48,monthly,12
C0033122,2026-05-25 11:55:27,monthly,12
C0025693,2026-05-25 12:19:45,monthly,12
C0037397,2026-05-25 12:36:54,monthly,12
C0037485,2026-05-25 12:39:02,monthly,12
C0025133,2026-05-25 13:09:50,monthly,12
C0030994,2026-05-25 13:26:45,monthly,12
C0032812,2026-05-25 13:37:32,monthly,12
C0023272,2026-05-25 14:53:38,monthly,12
C0011220,2026-05-25 15:09:51,annual,99
C0035124,2026-05-25 15:45:51,annual,99
C0034587,2026-05-25 15:48:14,annual,99
C0032172,2026-05-25 15:49:56,monthly,12
C0008241,2026-05-25 16:07:17,annual,99
C0028182,2026-05-25 16:14:57,annual,99
C0016384,2026-05-25 17:07:46,annual,99
C0026465,2026-05-25 17:29:13,monthly,12
C0000566,2026-05-25 18:05:43,monthly,12
C0029757,2026-05-25 18:21:39,monthly,12
C0013096,2026-05-25 18:25:05,annual,99
C0013146,2026-05-25 19:04:32,annual,99
C0030829,2026-05-25 19:19:39,annual,99
C0019182,2026-05-25 19:28:06,annual,99
C0018683,2026-05-25 19:42:40,annual,99
C0015674,2026-05-25 19:50:38,annual,99
C0034723,2026-05-25 20:13:29,annual,99
C0013012,2026-05-25 20:23:09,monthly,12
C0022924,2026-05-25 20:26:11,monthly,12
C0032434,2026-05-25 20:28:42,annual,99
C0028927,2026-05-25 20:39:46,annual,99
C0015798,2026-05-25 20:43:56,annual,99
C0029956,2026-05-25 20:55:12,monthly,12
C0024901,2026-05-25 21:17:29,annual,99
C0025164,2026-05-25 21:21:20,annual,99
C0037593,2026-05-25 21:40:40,annual,99
C0014435,2026-05-25 21:55:00,monthly,12
C0000258,2026-05-25 21:57:27,monthly,12
C0001540,2026-05-25 22:01:20,monthly,12
C0025132,2026-05-25 22:07:21,annual,99
C0021706,2026-05-25 22:23:05,annual,99
C0034007,2026-05-25 22:23:18,annual,99
C0027882,2026-05-25 22:27:24,monthly,12
C0003410,2026-05-25 22:31:28,annual,99
C0017717,2026-05-25 22:53:07,monthly,12
C0000783,2026-05-25 22:54:58,monthly,12
C0032980,2026-05-25 23:33:03,annual,99
C0039053,2026-05-25 23:57:14,monthly,12
C0035212,2026-05-26 01:02:49,annual,99
C0018126,2026-05-26 02:11:42,annual,99
C0033030,2026-05-26 02:21:03,annual,99
C0002620,2026-05-26 02:52:33,monthly,12
C0005217,2026-05-26 03:11:23,monthly,12
C0006389,2026-05-26 03:23:20,annual,99
C0027936,2026-05-26 04:27:05,annual,99
C0019168,2026-05-26 04:28:39,monthly,12
C0009333,2026-05-26 05:23:56,monthly,12
C0002500,2026-05-26 05:49:47,annual,99
C0027668,2026-05-26 06:06:07,annual,99
C0026959,2026-05-26 06:21:26,monthly,12
C0009783,2026-05-26 06:36:03,monthly,12
C0036706,2026-05-26 07:06:30,monthly,12
C0008431,2026-05-26 07:28:13,annual,99
C0038435,2026-05-26 08:00:46,annual,99
C0019557,2026-05-26 08:03:48,monthly,12
C0013182,2026-05-26 08:16:34,annual,99
C0029102,2026-05-26 08:55:06,annual,99
C0020628,2026-05-26 09:18:48,monthly,12
C0004830,2026-05-26 09:27:52,monthly,12
C0028615,2026-05-26 09:47:36,annual,99
C0003996,2026-05-26 10:54:31,monthly,12
C0010091,2026-05-26 11:13:10,monthly,12
C0020504,2026-05-26 11:13:50,annual,99
C0010852,2026-05-26 11:38:23,annual,99
C0027245,2026-05-26 12:23:00,monthly,12
C0038179,2026-05-26 12:50:51,monthly,12
C0024990,2026-05-26 13:14:29,annual,99
C0017693,2026-05-26 13:23:05,monthly,12
C0011835,2026-05-26 13:38:08,annual,99
C0027822,2026-05-26 13:51:13,annual,99
C0023777,2026-05-26 14:14:46,monthly,12
C0004471,2026-05-26 14:43:05,annual,99
C0000352,2026-05-26 14:58:43,monthly,12
C0001012,2026-05-26 15:02:13,annual,99
C0001565,2026-05-26 16:22:57,monthly,12
C0028865,2026-05-26 16:37:12,annual,99
C0029139,2026-05-26 16:47:22,monthly,12
C0038862,2026-05-26 18:33:30,monthly,12
C0031617,2026-05-26 18:38:09,annual,99
C0019419,2026-05-26 18:57:10,annual,99
C0031097,2026-05-26 20:22:28,annual,99
C0005901,2026-05-26 20:25:50,annual,99
C0019511,2026-05-26 20:46:01,annual,99
C0036045,2026-05-26 21:02:42,monthly,12
C0001738,2026-05-26 21:10:56,monthly,12
C0001775,2026-05-26 22:22:22,annual,99
C0039008,2026-05-26 22:41:18,monthly,12
C0030865,2026-05-26 23:01:08,annual,99
C0029790,2026-05-26 23:10:09,annual,99
C0008826,2026-05-26 23:20:54,annual,99
C0018044,2026-05-26 23:23:51,monthly,12
C0013107,2026-05-26 23:47:25,monthly,12
C0027547,2026-05-26 23:49:04,annual,99
C0014968,2026-05-27 00:46:31,annual,99
C0014660,2026-05-27 00:47:39,monthly,12
C0009560,2026-05-27 00:59:53,monthly,12
C0028129,2026-05-27 01:19:17,monthly,12
C0037725,2026-05-27 01:48:28,monthly,12
C0037683,2026-05-27 01:49:52,monthly,12
C0014406,2026-05-27 01:57:58,monthly,12
C0035881,2026-05-27 02:16:42,monthly,12
C0017377,2026-05-27 02:16:53,annual,99
C0009159,2026-05-27 03:31:48,annual,99
C0015691,2026-05-27 03:37:43,annual,99
C0016967,2026-05-27 03:49:23,monthly,12
C0026801,2026-05-27 03:53:26,annual,99
C0038654,2026-05-27 04:01:14,annual,99
C0016491,2026-05-27 04:26:39,monthly,12
C0018589,2026-05-27 04:28:19,monthly,12
C0013650,2026-05-27 04:53:30,annual,99
C0002428,2026-05-27 05:15:18,monthly,12
C0004090,2026-05-27 05:24:42,monthly,12
C0038187,2026-05-27 05:34:45,monthly,12
C0030162,2026-05-27 06:02:21,monthly,12
C0007319,2026-05-27 06:15:53,annual,99
C0021998,2026-05-27 06:29:34,annual,99
C0014367,2026-05-27 07:29:38,monthly,12
C0010993,2026-05-27 07:31:04,annual,99
C0036398,2026-05-27 08:37:14,monthly,12
C0039834,2026-05-27 09:34:57,annual,99
C0012790,2026-05-27 10:21:31,monthly,12
C0006222,2026-05-27 10:31:30,annual,99
C0022526,2026-05-27 10:38:13,annual,99
C0014680,2026-05-27 10:41:50,annual,99
C0027660,2026-05-27 10:46:38,annual,99
C0035898,2026-05-27 10:51:46,monthly,12
C0023385,2026-05-27 10:55:25,monthly,12
C0021482,2026-05-27 10:59:40,monthly,12
C0014151,2026-05-27 11:07:13,annual,99
C0001748,2026-05-27 11:15:22,annual,99
C0019780,2026-05-27 11:29:49,monthly,12
C0000554,2026-05-27 11:44:46,annual,99
C0027927,2026-05-27 11:44:51,monthly,12
C0002137,2026-05-27 11:54:30,monthly,12
C0017069,2026-05-27 12:27:47,monthly,12
C0024432,2026-05-27 12:41:05,monthly,12
C0027004,2026-05-27 12:42:44,monthly,12
C0023911,2026-05-27 12:43:28,annual,99
C0014408,2026-05-27 12:51:48,monthly,12
C0012655,2026-05-27 13:21:01,monthly,12
C0035607,2026-05-27 13:40:41,monthly,12
C0015531,2026-05-27 14:10:29,monthly,12
C0030905,2026-05-27 14:11:05,monthly,12
C0008825,2026-05-27 14:39:04,annual,99
C0026951,2026-05-27 14:46:29,annual,99
C0017719,2026-05-27 15:25:34,monthly,12
C0023717,2026-05-27 15:30:55,monthly,12
C0033844,2026-05-27 15:46:28,monthly,12
C0014253,2026-05-27 16:10:37,monthly,12
C0008336,2026-05-27 16:12:02,annual,99
C0035749,2026-05-27 16:44:35,annual,99
C0007066,2026-05-27 16:56:01,monthly,12
C0022464,2026-05-27 17:31:52,monthly,12
C0028277,2026-05-27 17:36:04,monthly,12
C0019416,2026-05-27 18:07:41,annual,99
C0016911,2026-05-27 18:35:23,annual,99
C0029441,2026-05-27 18:40:08,monthly,12
C0032642,2026-05-27 19:01:32,annual,99
C0004460,2026-05-27 19:06:40,monthly,12
C0002794,2026-05-27 19:21:30,monthly,12
C0014039,2026-05-27 19:55:16,annual,99
C0013519,2026-05-27 20:08:53,monthly,12
C0004759,2026-05-27 20:21:17,monthly,12
C0025825,2026-05-27 20:22:44,monthly,12
C0014761,2026-05-27 20:30:35,annual,99
C0018403,2026-05-27 20:37:40,monthly,12
C0018814,2026-05-27 20:59:02,annual,99
C0010962,2026-05-27 21:45:06,monthly,12
C0008533,2026-05-27 22:25:00,monthly,12
C0027561,2026-05-27 22:31:31,monthly,12
C0023259,2026-05-27 22:35:13,monthly,12
C0018092,2026-05-27 22:36:44,monthly,12
C0031714,2026-05-27 23:00:14,annual,99
C0018019,2026-05-27 23:04:16,monthly,12
C0022285,2026-05-27 23:13:43,monthly,12
C0035923,2026-05-27 23:21:20,annual,99
C0038602,2026-05-27 23:59:19,annual,99
C0003702,2026-05-28 00:18:38,annual,99
C0000843,2026-05-28 00:38:34,annual,99
C0036986,2026-05-28 00:51:40,annual,99
C0016395,2026-05-28 00:52:15,annual,99
C0020349,2026-05-28 01:28:31,monthly,12
C0001047,2026-05-28 02:57:35,monthly,12
C0002694,2026-05-28 03:09:57,monthly,12
C0029170,2026-05-28 03:15:36,monthly,12
C0034202,2026-05-28 03:55:12,monthly,12
C0004684,2026-05-28 04:26:06,monthly,12
C0022056,2026-05-28 04:29:55,annual,99
C0001366,2026-05-28 05:05:28,annual,99
C0028565,2026-05-28 05:19:43,monthly,12
C0037832,2026-05-28 05:46:33,annual,99
C0004564,2026-05-28 06:45:37,annual,99
C0001719,2026-05-28 07:24:28,annual,99
C0018242,2026-05-28 07:37:01,monthly,12
C0013207,2026-05-28 07:48:20,monthly,12
C0021332,2026-05-28 07:52:47,monthly,12
C0007730,2026-05-28 07:59:08,monthly,12
C0024161,2026-05-28 08:00:18,annual,99
C0037714,2026-05-28 08:23:35,annual,99
C0014395,2026-05-28 08:36:13,monthly,12
C0027482,2026-05-28 08:42:47,monthly,12
C0000230,2026-05-28 08:56:56,annual,99
C0022726,2026-05-28 09:29:43,annual,99
C0028359,2026-05-28 09:46:42,annual,99
C0021091,2026-05-28 10:59:45,annual,99
C0035321,2026-05-28 11:07:50,annual,99
C0035651,2026-05-28 12:42:17,monthly,12
C0021587,2026-05-28 12:47:49,annual,99
C0018616,2026-05-28 12:50:36,annual,99
C0019848,2026-05-28 12:53:20,monthly,12
C0010173,2026-05-28 13:25:50,annual,99
C0026909,2026-05-28 13:41:35,annual,99
C0036780,2026-05-28 14:01:33,annual,99
C0009406,2026-05-28 14:58:42,annual,99
C0037577,2026-05-28 15:01:27,annual,99
C0030682,2026-05-28 15:34:48,monthly,12
C0001191,2026-05-28 15:52:33,annual,99
C0037083,2026-05-28 16:30:45,monthly,12
C0017123,2026-05-28 17:17:28,annual,99
C0022454,2026-05-28 17:35:33,monthly,12
C0003093,2026-05-28 17:46:16,annual,99
C0027267,2026-05-28 17:51:37,annual,99
C0034254,2026-05-28 18:01:35,annual,99
C0002438,2026-05-28 18:07:43,monthly,12
C0007813,2026-05-28 18:10:00,annual,99
C0029961,2026-05-28 18:36:04,monthly,12
C0035591,2026-05-28 18:44:39,monthly,12
C0009074,2026-05-28 18:58:51,monthly,12
C0026725,2026-05-28 19:32:20,monthly,12
C0008353,2026-05-28 19:40:20,monthly,12
C0035127,2026-05-28 19:45:22,annual,99
C0032534,2026-05-28 20:37:32,annual,99
C0038141,2026-05-28 21:10:49,monthly,12
C0014574,2026-05-28 21:29:05,annual,99
C0038955,2026-05-28 21:57:30,annual,99
C0015298,2026-05-28 21:59:24,monthly,12
C0027756,2026-05-28 22:09:34,monthly,12
C0018690,2026-05-28 23:36:54,annual,99
C0033948,2026-05-29 00:11:16,annual,99
C0025551,2026-05-29 00:28:30,annual,99
C0003203,2026-05-29 00:28:52,annual,99
C0018133,2026-05-29 00:33:33,annual,99
C0006338,2026-05-29 01:00:57,annual,99
C0002765,2026-05-29 01:20:35,monthly,12
C0011183,2026-05-29 01:45:11,monthly,12
C0011812,2026-05-29 02:11:11,monthly,12
C0027304,2026-05-29 02:13:59,annual,99
C0037874,2026-05-29 02:25:39,annual,99
C0012977,2026-05-29 02:26:13,annual,99
C0001311,2026-05-29 02:46:38,annual,99
C0011814,2026-05-29 02:57:54,monthly,12
C0021544,2026-05-29 03:20:14,annual,99
C0036028,2026-05-29 03:23:28,monthly,12
C0017748,2026-05-29 03:23:57,monthly,12
C0017241,2026-05-29 03:25:16,annual,99
C0015626,2026-05-29 03:30:02,annual,99
C0034794,2026-05-29 03:58:41,monthly,12
C0009107,2026-05-29 04:16:43,annual,99
C0008731,2026-05-29 05:08:14,monthly,12
C0038252,2026-05-29 05:30:19,annual,99
C0034628,2026-05-29 05:30:45,annual,99
C0023886,2026-05-29 05:42:10,monthly,12
C0024639,2026-05-29 06:12:18,monthly,12
C0023151,2026-05-29 06:23:03,annual,99
C0012820,2026-05-29 06:34:55,monthly,12
C0012854,2026-05-29 06:47:44,annual,99
C0034318,2026-05-29 06:49:59,annual,99
C0011900,2026-05-29 07:01:39,annual,99
C0014517,2026-05-29 07:10:08,monthly,12
C0029061,2026-05-29 07:27:43,annual,99
C0036222,2026-05-29 08:56:09,annual,99
C0025901,2026-05-29 08:56:15,monthly,12
C0009618,2026-05-29 09:23:25,monthly,12
C0029062,2026-05-29 09:43:03,annual,99
C0009868,2026-05-29 09:43:08,annual,99
C0032213,2026-05-29 09:45:26,monthly,12
C0018538,2026-05-29 10:20:19,annual,99
C0001679,2026-05-29 10:20:44,monthly,12
C0008845,2026-05-29 10:26:28,monthly,12
C0018231,2026-05-29 10:55:09,annual,99
C0038237,2026-05-29 10:59:02,annual,99
C0018286,2026-05-29 12:42:44,annual,99
C0008470,2026-05-29 13:03:18,annual,99
C0037773,2026-05-29 13:32:28,monthly,12
C0012321,2026-05-29 14:52:39,monthly,12
C0013594,2026-05-29 14:56:25,annual,99
C0011003,2026-05-29 15:02:55,annual,99
C0026451,2026-05-29 15:49:15,annual,99
C0014316,2026-05-29 15:54:27,monthly,12
C0026779,2026-05-29 15:58:03,annual,99
C0039271,2026-05-29 16:11:31,annual,99
C0030490,2026-05-29 17:04:52,monthly,12
C0001201,2026-05-29 18:18:02,annual,99
C0015707,2026-05-29 18:28:10,monthly,12
C0034492,2026-05-29 19:41:48,monthly,12
C0020613,2026-05-29 19:45:41,monthly,12
C0039188,2026-05-29 19:52:32,monthly,12
C0013882,2026-05-29 20:58:24,monthly,12
C0039585,2026-05-29 21:25:24,monthly,12
C0023739,2026-05-29 21:47:54,annual,99
C0033041,2026-05-29 22:13:28,annual,99
C0019774,2026-05-29 22:43:25,annual,99
C0036373,2026-05-29 22:47:21,monthly,12
C0025118,2026-05-29 22:52:53,annual,99
C0038383,2026-05-29 22:53:45,monthly,12
C0014049,2026-05-29 23:21:04,monthly,12
C0003079,2026-05-30 00:06:50,monthly,12
C0008309,2026-05-30 00:17:15,annual,99
C0027106,2026-05-30 00:20:01,monthly,12
C0014126,2026-05-30 00:45:40,monthly,12
C0002089,2026-05-30 01:58:59,annual,99
C0026468,2026-05-30 02:07:42,monthly,12
C0015602,2026-05-30 02:12:17,annual,99
C0032111,2026-05-30 02:18:42,monthly,12
C0022561,2026-05-30 02:50:52,monthly,12
C0032012,2026-05-30 02:52:30,annual,99
C0032693,2026-05-30 03:08:19,monthly,12
C0012892,2026-05-30 03:17:15,monthly,12
C0005997,2026-05-30 03:37:04,monthly,12
C0015917,2026-05-30 04:55:22,monthly,12
C0020670,2026-05-30 05:16:34,annual,99
C0021212,2026-05-30 05:22:28,monthly,12
C0038949,2026-05-30 05:55:33,monthly,12
C0017424,2026-05-30 06:00:55,monthly,12
C0010324,2026-05-30 06:47:17,monthly,12
C0025729,2026-05-30 07:14:06,monthly,12
C0014784,2026-05-30 08:34:27,monthly,12
C0024658,2026-05-30 09:01:15,annual,99
C0022299,2026-05-30 09:35:39,monthly,12
C0025938,2026-05-30 10:15:12,annual,99
C0018854,2026-05-30 11:18:27,monthly,12
C0019015,2026-05-30 12:05:06,annual,99
C0001784,2026-05-30 12:47:36,monthly,12
C0020673,2026-05-30 12:48:54,monthly,12
C0022309,2026-05-30 13:04:59,monthly,12
C0037877,2026-05-30 13:05:30,annual,99
C0017180,2026-05-30 13:26:10,monthly,12
C0024926,2026-05-30 15:19:58,monthly,12
C0021574,2026-05-30 15:29:23,annual,99
C0037099,2026-05-30 15:46:17,monthly,12
C0028847,2026-05-30 16:04:52,annual,99
C0028077,2026-05-30 16:07:51,annual,99
C0020873,2026-05-30 16:12:31,annual,99
C0005990,2026-05-30 16:46:12,annual,99
C0037346,2026-05-30 16:50:50,monthly,12
C0015578,2026-05-30 18:33:05,monthly,12
C0000244,2026-05-30 19:44:21,annual,99
C0017251,2026-05-30 19:51:30,monthly,12
C0010591,2026-05-30 19:58:38,annual,99
C0006175,2026-05-30 20:15:16,annual,99
C0004670,2026-05-30 20:16:19,monthly,12
C0015556,2026-05-30 21:00:03,monthly,12
C0034156,2026-05-30 21:06:00,annual,99
C0000918,2026-05-30 21:07:37,monthly,12
C0020066,2026-05-30 21:49:50,monthly,12
C0019207,2026-05-30 22:38:34,monthly,12
C0015212,2026-05-30 23:11:14,monthly,12
C0004005,2026-05-30 23:19:22,monthly,12
C0016775,2026-05-30 23:34:41,monthly,12
C0022186,2026-05-30 23:43:01,annual,99
C0015395,2026-05-31 00:00:44,monthly,12
C0037679,2026-05-31 00:23:14,annual,99
C0030077,2026-05-31 00:26:18,annual,99
C0003679,2026-05-31 00:28:31,monthly,12
C0034326,2026-05-31 00:42:16,annual,99
C0036697,2026-05-31 00:50:50,annual,99
C0017810,2026-05-31 00:52:10,annual,99
C0034560,2026-05-31 00:57:31,annual,99
C0002767,2026-05-31 01:41:10,annual,99
C0031899,2026-05-31 01:52:32,annual,99
C0012836,2026-05-31 02:03:07,monthly,12
C0019781,2026-05-31 02:08:14,monthly,12
C0023510,2026-05-31 02:44:12,annual,99
C0031086,2026-05-31 03:01:09,annual,99
C0027211,2026-05-31 03:13:48,monthly,12
C0012088,2026-05-31 03:51:57,monthly,12
C0019050,2026-05-31 04:00:08,annual,99
C0019554,2026-05-31 04:21:43,annual,99
C0032053,2026-05-31 04:43:08,monthly,12
C0005803,2026-05-31 05:20:13,annual,99
C0027694,2026-05-31 06:08:59,monthly,12
C0033680,2026-05-31 06:45:56,monthly,12
C0005939,2026-05-31 06:47:27,annual,99
C0038777,2026-05-31 07:08:09,monthly,12
C0036209,2026-05-31 07:14:36,monthly,12
C0032279,2026-05-31 07:22:32,monthly,12
C0020111,2026-05-31 07:26:30,monthly,12
C0007358,2026-05-31 07:49:42,annual,99
C0031743,2026-05-31 07:52:43,annual,99
C0002895,2026-05-31 08:46:28,monthly,12
C0028212,2026-05-31 09:07:05,annual,99
C0030921,2026-05-31 09:20:48,annual,99
C0018659,2026-05-31 09:25:44,annual,99
C0012787,2026-05-31 09:34:49,annual,99
C0022689,2026-05-31 10:47:02,monthly,12
C0017920,2026-05-31 11:24:48,annual,99
C0015293,2026-05-31 11:43:59,monthly,12
C0007161,2026-05-31 12:17:37,monthly,12
C0031573,2026-05-31 12:49:32,annual,99
C0002008,2026-05-31 12:57:52,monthly,12
C0028767,2026-05-31 13:02:18,monthly,12
C0035703,2026-05-31 13:26:03,monthly,12
C0035156,2026-05-31 13:39:34,monthly,12
C0014038,2026-05-31 14:05:16,monthly,12
C0006184,2026-05-31 14:08:14,monthly,12
C0038115,2026-05-31 14:44:52,annual,99
C0039203,2026-05-31 15:27:46,annual,99
C0020735,2026-05-31 15:38:39,monthly,12
C0035913,2026-05-31 16:08:23,annual,99
C0015236,2026-05-31 16:28:07,annual,99
C0030735,2026-05-31 16:38:45,annual,99
C0005231,2026-05-31 17:04:45,annual,99
C0005125,2026-05-31 17:12:03,annual,99
C0016751,2026-05-31 17:26:27,annual,99
C0003020,2026-05-31 17:39:28,annual,99
C0015842,2026-05-31 17:49:41,monthly,12
C0034455,2026-05-31 18:09:03,monthly,12
C0004784,2026-05-31 18:13:47,annual,99
C0002494,2026-05-31 18:40:16,annual,99
C0024353,2026-05-31 18:52:29,monthly,12
C0025376,2026-05-31 18:58:34,monthly,12
C0027534,2026-05-31 19:19:35,annual,99
C0002611,2026-05-31 19:20:57,annual,99
C0028850,2026-05-31 19:25:40,annual,99
C0012386,2026-05-31 19:54:49,monthly,12
C0028268,2026-05-31 20:15:10,annual,99
C0031434,2026-05-31 20:21:58,monthly,12
C0002003,2026-05-31 20:45:25,monthly,12
C0006326,2026-05-31 21:24:29,monthly,12
C0016649,2026-05-31 21:35:48,annual,99
C0003184,2026-05-31 22:24:58,annual,99
C0000591,2026-05-31 22:32:56,monthly,12
C0022471,2026-05-31 22:37:44,monthly,12
C0011672,2026-05-31 22:47:35,annual,99
C0032461,2026-05-31 23:19:12,monthly,12
C0038362,2026-05-31 23:43:33,monthly,12
C0003402,2026-05-31 23:54:48,monthly,12
C0032847,2026-06-01 00:38:19,annual,99
C0006780,2026-06-01 00:44:04,annual,99
C0037570,2026-06-01 00:47:45,monthly,12
C0030866,2026-06-01 00:57:23,monthly,12
C0015912,2026-06-01 02:08:44,annual,99
C0026796,2026-06-01 02:55:02,monthly,12
C0011866,2026-06-01 03:34:27,monthly,12
C0011304,2026-06-01 04:03:29,monthly,12
C0012071,2026-06-01 04:33:44,monthly,12
C0005282,2026-06-01 05:04:56,monthly,12
C0039974,2026-06-01 05:09:47,annual,99
C0036533,2026-06-01 05:25:08,monthly,12
C0037670,2026-06-01 05:26:08,monthly,12
C0027431,2026-06-01 05:48:58,monthly,12
C0021557,2026-06-01 06:12:59,monthly,12
C0036804,2026-06-01 06:13:59,monthly,12
C0030880,2026-06-01 06:54:45,monthly,12
C0014284,2026-06-01 06:59:36,annual,99
C0030928,2026-06-01 07:56:39,monthly,12
C0017683,2026-06-01 07:59:08,monthly,12
C0026541,2026-06-01 08:10:42,monthly,12
C0025111,2026-06-01 09:07:32,monthly,12
C0031105,2026-06-01 09:08:07,monthly,12
C0034138,2026-06-01 09:09:36,annual,99
C0010432,2026-06-01 09:13:59,annual,99
C0024414,2026-06-01 10:01:50,annual,99
C0009790,2026-06-01 10:22:53,annual,99
C0007786,2026-06-01 10:51:19,monthly,12
C0004819,2026-06-01 10:57:27,annual,99
C0036682,2026-06-01 11:52:20,monthly,12
C0007233,2026-06-01 12:04:47,monthly,12
C0034294,2026-06-01 12:06:26,annual,99
C0005875,2026-06-01 12:12:43,annual,99
C0033283,2026-06-01 12:17:39,monthly,12
C0022025,2026-06-01 12:47:01,annual,99
C0022955,2026-06-01 13:23:29,monthly,12
C0009568,2026-06-01 13:43:13,annual,99
C0008874,2026-06-01 14:53:34,annual,99
C0020204,2026-06-01 15:02:35,annual,99
C0012603,2026-06-01 15:48:29,monthly,12
C0007509,2026-06-01 15:51:20,annual,99
C0039436,2026-06-01 16:13:54,monthly,12
C0033390,2026-06-01 16:20:30,annual,99
C0002226,2026-06-01 16:37:03,monthly,12
C0028112,2026-06-01 16:53:42,annual,99
C0033786,2026-06-01 17:14:33,annual,99
C0001150,2026-06-01 18:07:04,monthly,12
C0025364,2026-06-01 18:36:28,monthly,12
C0014627,2026-06-01 18:39:56,annual,99
C0025630,2026-06-01 18:54:26,annual,99
C0006682,2026-06-01 19:12:50,monthly,12
C0004129,2026-06-01 19:16:04,annual,99
C0005858,2026-06-01 19:19:02,annual,99
C0022034,2026-06-01 19:56:16,annual,99
C0014750,2026-06-01 21:48:41,monthly,12
C0036606,2026-06-01 22:49:52,annual,99
C0034911,2026-06-01 23:03:46,annual,99
C0013956,2026-06-01 23:20:25,monthly,12
C0024716,2026-06-01 23:32:55,annual,99
C0032895,2026-06-01 23:32:57,annual,99
C0009523,2026-06-01 23:45:31,monthly,12
C0004308,2026-06-02 00:31:55,annual,99
C0007306,2026-06-02 01:26:40,monthly,12
C0023765,2026-06-02 01:42:19,monthly,12
C0016780,2026-06-02 02:25:50,annual,99
C0003272,2026-06-02 03:08:45,monthly,12
C0005531,2026-06-02 03:21:03,annual,99
C0004990,2026-06-02 03:25:14,annual,99
C0024515,2026-06-02 03:44:38,annual,99
C0037306,2026-06-02 03:45:28,monthly,12
C0001697,2026-06-02 03:57:23,annual,99
C0002068,2026-06-02 04:11:02,annual,99
C0027640,2026-06-02 04:44:13,monthly,12
C0015580,2026-06-02 04:47:33,annual,99
C0026124,2026-06-02 04:53:48,monthly,12
C0003720,2026-06-02 04:56:12,monthly,12
C0002772,2026-06-02 05:11:52,monthly,12
C0025889,2026-06-02 05:30:11,monthly,12
C0032353,2026-06-02 05:30:20,monthly,12
C0027739,2026-06-02 05:31:23,monthly,12
C0015347,2026-06-02 06:02:13,monthly,12
C0030368,2026-06-02 06:14:45,monthly,12
C0000926,2026-06-02 06:34:28,annual,99
C0027942,2026-06-02 06:43:11,annual,99
C0003841,2026-06-02 06:47:13,monthly,12
C0036177,2026-06-02 06:54:12,monthly,12
C0025898,2026-06-02 07:11:50,monthly,12
C0021311,2026-06-02 07:15:01,annual,99
C0010372,2026-06-02 07:16:40,monthly,12
C0011895,2026-06-02 07:35:29,annual,99
C0022923,2026-06-02 08:33:34,annual,99
C0001434,2026-06-02 08:40:07,monthly,12
C0039426,2026-06-02 08:45:41,monthly,12
C0029675,2026-06-02 09:06:31,monthly,12
C0021035,2026-06-02 09:16:36,monthly,12
C0016530,2026-06-02 09:46:39,monthly,12
C0004777,2026-06-02 09:50:27,annual,99
C0025378,2026-06-02 10:09:47,annual,99
C0031139,2026-06-02 10:30:27,annual,99
C0018237,2026-06-02 10:34:03,annual,99
C0027635,2026-06-02 10:37:17,monthly,12
C0032864,2026-06-02 11:19:15,annual,99
C0021810,2026-06-02 11:20:11,annual,99
C0014935,2026-06-02 11:21:11,annual,99
C0019810,2026-06-02 13:12:48,monthly,12
C0036442,2026-06-02 13:29:01,annual,99
C0022033,2026-06-02 13:29:24,annual,99
C0006566,2026-06-02 13:31:30,monthly,12
C0039548,2026-06-02 13:35:34,annual,99
C0033356,2026-06-02 14:32:16,monthly,12
C0003765,2026-06-02 16:52:58,annual,99
C0038416,2026-06-02 17:08:07,monthly,12
C0014503,2026-06-02 17:32:38,monthly,12
C0003181,2026-06-02 18:37:43,monthly,12
C0038145,2026-06-02 18:51:13,annual,99
C0011142,2026-06-02 19:03:01,monthly,12
C0004203,2026-06-02 19:45:42,annual,99
C0005915,2026-06-02 19:52:24,annual,99
C0008071,2026-06-02 20:00:54,monthly,12
C0030123,2026-06-02 20:02:48,monthly,12
C0014027,2026-06-02 20:10:06,monthly,12
C0018852,2026-06-02 20:51:50,monthly,12
C0012833,2026-06-02 21:11:21,annual,99
C0038075,2026-06-02 21:38:21,monthly,12
C0025579,2026-06-02 22:40:39,annual,99
C0025944,2026-06-02 22:54:14,annual,99
C0021794,2026-06-02 23:23:19,annual,99
C0013851,2026-06-02 23:33:12,annual,99
C0039286,2026-06-03 00:11:45,monthly,12
C0023296,2026-06-03 00:34:09,monthly,12
C0019946,2026-06-03 00:39:12,monthly,12
C0034698,2026-06-03 00:57:57,annual,99
C0029241,2026-06-03 01:46:32,annual,99
C0002239,2026-06-03 02:02:16,annual,99
C0010593,2026-06-03 02:07:39,monthly,12
C0007908,2026-06-03 02:12:54,monthly,12
C0001891,2026-06-03 02:31:24,monthly,12
C0020341,2026-06-03 03:05:19,monthly,12
C0034908,2026-06-03 04:24:26,monthly,12
C0037939,2026-06-03 04:52:34,monthly,12
C0010989,2026-06-03 04:59:11,annual,99
C0027160,2026-06-03 05:00:33,annual,99
C0015533,2026-06-03 05:03:08,monthly,12
C0015239,2026-06-03 05:22:56,annual,99
C0035946,2026-06-03 05:35:42,monthly,12
C0019153,2026-06-03 05:51:29,monthly,12
C0020048,2026-06-03 06:04:13,annual,99
C0033602,2026-06-03 06:18:57,monthly,12
C0024343,2026-06-03 06:52:16,monthly,12
C0018127,2026-06-03 07:23:06,monthly,12
C0015451,2026-06-03 08:26:28,monthly,12
C0034790,2026-06-03 08:39:00,monthly,12
C0019618,2026-06-03 09:49:19,annual,99
C0027854,2026-06-03 10:37:02,annual,99
C0017767,2026-06-03 10:46:55,annual,99
C0014392,2026-06-03 11:39:05,annual,99
C0039419,2026-06-03 11:41:52,monthly,12
C0029598,2026-06-03 11:46:50,annual,99
C0030708,2026-06-03 12:03:42,annual,99
C0028092,2026-06-03 12:05:59,annual,99
C0006380,2026-06-03 12:21:43,monthly,12
C0018732,2026-06-03 12:26:55,monthly,12
C0020071,2026-06-03 12:46:06,annual,99
C0007255,2026-06-03 12:55:19,annual,99
C0016117,2026-06-03 13:33:26,annual,99
C0019577,2026-06-03 13:51:55,monthly,12
C0017677,2026-06-03 14:48:25,annual,99
C0005098,2026-06-03 14:51:09,monthly,12
C0028354,2026-06-03 15:10:21,monthly,12
C0020272,2026-06-03 15:23:30,monthly,12
C0026444,2026-06-03 15:47:33,monthly,12
C0005681,2026-06-03 16:17:25,annual,99
C0031025,2026-06-03 16:41:51,annual,99
C0034143,2026-06-03 16:45:59,monthly,12
C0012710,2026-06-03 16:57:28,annual,99
C0014862,2026-06-03 16:59:21,annual,99
C0018805,2026-06-03 17:00:35,annual,99
C0020816,2026-06-03 17:36:09,annual,99
C0015131,2026-06-03 17:44:48,annual,99
C0033111,2026-06-03 17:49:03,monthly,12
C0035873,2026-06-03 18:09:28,annual,99
C0037898,2026-06-03 18:11:00,annual,99
C0005611,2026-06-03 18:13:18,annual,99
C0011833,2026-06-03 18:23:39,monthly,12
C0037095,2026-06-03 18:51:44,monthly,12
C0035151,2026-06-03 19:15:34,annual,99
C0008556,2026-06-03 19:29:10,annual,99
C0024454,2026-06-03 19:36:37,monthly,12
C0019214,2026-06-03 20:02:41,annual,99
C0009354,2026-06-03 20:16:57,annual,99
C0010488,2026-06-03 20:18:47,monthly,12
C0032442,2026-06-03 20:20:13,annual,99
C0039087,2026-06-03 20:28:37,annual,99
C0016303,2026-06-03 20:50:37,monthly,12
C0024813,2026-06-03 21:49:23,monthly,12
C0018328,2026-06-03 22:02:11,monthly,12
C0004692,2026-06-03 22:02:20,annual,99
C0000888,2026-06-03 22:52:28,annual,99
C0029814,2026-06-03 23:02:47,annual,99
C0028950,2026-06-04 00:09:59,annual,99
C0033807,2026-06-04 01:19:57,monthly,12
C0008751,2026-06-04 01:56:47,monthly,12
C0001327,2026-06-04 02:05:28,annual,99
C0016974,2026-06-04 02:13:41,monthly,12
C0027317,2026-06-04 02:36:29,monthly,12
C0039655,2026-06-04 02:52:48,annual,99
C0027908,2026-06-04 02:58:55,monthly,12
C0006730,2026-06-04 03:01:29,monthly,12
C0016750,2026-06-04 03:30:53,monthly,12
C0037017,2026-06-04 03:32:11,annual,99
C0020305,2026-06-04 04:17:23,annual,99
C0027649,2026-06-04 05:09:47,monthly,12
C0002167,2026-06-04 05:39:25,annual,99
C0026426,2026-06-04 07:30:19,annual,99
C0020422,2026-06-04 07:53:42,monthly,12
C0008836,2026-06-04 07:53:50,annual,99
C0021047,2026-06-04 07:54:56,monthly,12
C0006378,2026-06-04 08:35:09,annual,99
C0029130,2026-06-04 08:54:26,annual,99
C0032664,2026-06-04 09:07:00,annual,99
C0002448,2026-06-04 09:12:31,monthly,12
C0012773,2026-06-04 09:52:53,annual,99
C0004388,2026-06-04 10:12:39,monthly,12
C0019907,2026-06-04 10:46:10,annual,99
C0014023,2026-06-04 10:55:51,monthly,12
C0023630,2026-06-04 11:04:44,monthly,12
C0030468,2026-06-04 11:30:14,annual,99
C0038332,2026-06-04 11:38:16,monthly,12
C0025882,2026-06-04 11:46:07,annual,99
C0024021,2026-06-04 12:19:21,annual,99
C0027423,2026-06-04 12:20:36,annual,99
C0002652,2026-06-04 12:26:43,monthly,12
C0026887,2026-06-04 12:36:29,annual,99
C0022973,2026-06-04 12:49:38,annual,99
C0031694,2026-06-04 12:59:28,monthly,12
C0011048,2026-06-04 13:15:24,annual,99
C0004910,2026-06-04 13:38:28,monthly,12
C0004849,2026-06-04 13:52:39,monthly,12
C0008742,2026-06-04 14:21:03,annual,99
C0035669,2026-06-04 14:26:06,annual,99
C0010096,2026-06-04 14:51:21,annual,99
C0032926,2026-06-04 15:02:01,monthly,12
C0015629,2026-06-04 15:15:42,annual,99
C0014516,2026-06-04 15:36:21,monthly,12
C0011556,2026-06-04 16:24:34,annual,99
C0020387,2026-06-04 18:50:03,annual,99
C0030562,2026-06-04 19:09:24,monthly,12
C0028284,2026-06-04 19:13:47,annual,99
C0003157,2026-06-04 19:21:30,annual,99
C0020366,2026-06-04 19:25:24,monthly,12
C0029748,2026-06-04 19:55:32,monthly,12
C0031219,2026-06-04 20:06:55,annual,99
C0038050,2026-06-04 21:03:19,monthly,12
C0020657,2026-06-04 21:14:19,monthly,12
C0027274,2026-06-04 21:17:27,annual,99
C0032288,2026-06-04 21:53:04,annual,99
C0026869,2026-06-04 22:50:40,annual,99
C0008025,2026-06-04 23:20:16,annual,99
C0036254,2026-06-04 23:23:50,monthly,12
C0016078,2026-06-04 23:57:22,monthly,12
C0026302,2026-06-05 00:00:14,monthly,12
C0031568,2026-06-05 00:19:11,annual,99
C0038044,2026-06-05 00:25:35,annual,99
C0009816,2026-06-05 00:40:57,annual,99
C0013028,2026-06-05 00:46:06,monthly,12
C0000130,2026-06-05 00:49:53,monthly,12
C0002822,2026-06-05 00:58:54,annual,99
C0006517,2026-06-05 01:11:55,annual,99
C0001505,2026-06-05 01:22:53,monthly,12
C0005147,2026-06-05 01:48:27,monthly,12
C0011269,2026-06-05 02:04:10,monthly,12
C0018921,2026-06-05 02:34:45,monthly,12
C0007122,2026-06-05 02:43:19,annual,99
C0009641,2026-06-05 03:22:40,annual,99
C0017224,2026-06-05 03:49:09,monthly,12
C0010610,2026-06-05 04:21:17,monthly,12
C0012469,2026-06-05 04:27:46,monthly,12
C0009101,2026-06-05 04:29:45,monthly,12
C0001005,2026-06-05 04:53:39,monthly,12
C0025158,2026-06-05 05:19:59,annual,99
C0004033,2026-06-05 05:27:05,monthly,12
C0039917,2026-06-05 05:30:40,monthly,12
C0009482,2026-06-05 05:56:15,monthly,12
C0011815,2026-06-05 06:07:57,monthly,12
C0002181,2026-06-05 06:36:13,monthly,12
C0035821,2026-06-05 07:28:57,monthly,12
C0006217,2026-06-05 07:33:51,monthly,12
C0000391,2026-06-05 07:41:34,annual,99
C0035601,2026-06-05 07:42:26,annual,99
C0001111,2026-06-05 07:58:47,monthly,12
C0029359,2026-06-05 09:47:38,annual,99
C0034695,2026-06-05 10:16:57,annual,99
C0033410,2026-06-05 11:20:51,monthly,12
C0006944,2026-06-05 11:28:52,monthly,12
C0010508,2026-06-05 11:58:29,monthly,12
C0026844,2026-06-05 12:02:59,monthly,12
C0005869,2026-06-05 12:43:31,monthly,12
C0014307,2026-06-05 13:11:18,annual,99
C0024693,2026-06-05 13:15:32,monthly,12
C0008918,2026-06-05 13:21:04,monthly,12
C0039048,2026-06-05 13:30:58,annual,99
C0022652,2026-06-05 13:42:37,annual,99
C0007921,2026-06-05 13:59:33,monthly,12
C0016022,2026-06-05 14:11:27,annual,99
C0039557,2026-06-05 14:18:47,annual,99
C0011850,2026-06-05 14:38:11,annual,99
C0014386,2026-06-05 14:57:37,annual,99
C0005007,2026-06-05 15:48:49,annual,99
C0035457,2026-06-05 16:24:45,monthly,12
C0020302,2026-06-05 16:42:16,annual,99
C0017781,2026-06-05 16:50:26,annual,99
C0021177,2026-06-05 17:21:19,annual,99
C0008140,2026-06-05 17:23:25,annual,99
C0018725,2026-06-05 17:59:01,annual,99
C0037396,2026-06-05 18:02:16,monthly,12
C0032786,2026-06-05 18:02:55,annual,99
C0010678,2026-06-05 18:31:54,annual,99
C0036585,2026-06-05 19:06:06,annual,99
C0020454,2026-06-05 19:16:10,annual,99
C0012659,2026-06-05 19:40:56,annual,99
C0013738,2026-06-05 20:28:10,monthly,12
C0013717,2026-06-05 21:04:52,annual,99
C0033389,2026-06-05 21:24:51,monthly,12
C0015714,2026-06-05 21:27:01,annual,99
C0008721,2026-06-05 21:46:28,monthly,12
C0018329,2026-06-05 22:11:10,annual,99
C0003287,2026-06-05 22:18:47,annual,99
C0019151,2026-06-05 22:50:22,monthly,12
C0028698,2026-06-05 22:52:13,annual,99
C0039579,2026-06-05 23:04:06,monthly,12
C0007366,2026-06-05 23:31:15,annual,99
C0019106,2026-06-06 00:12:09,annual,99
C0009071,2026-06-06 00:55:43,annual,99
C0037961,2026-06-06 01:27:15,monthly,12
C0013827,2026-06-06 01:41:50,annual,99
C0023216,2026-06-06 02:05:49,annual,99
C0024649,2026-06-06 02:07:00,monthly,12
C0026739,2026-06-06 02:44:05,annual,99
C0014631,2026-06-06 02:46:46,monthly,12
C0005245,2026-06-06 03:53:53,monthly,12
C0023098,2026-06-06 04:42:26,annual,99
C0008692,2026-06-06 04:53:46,annual,99
C0031069,2026-06-06 04:57:17,annual,99
C0033508,2026-06-06 05:04:09,monthly,12
C0012237,2026-06-06 05:07:05,monthly,12
C0026422,2026-06-06 05:08:43,annual,99
C0006817,2026-06-06 06:18:02,annual,99
C0023181,2026-06-06 06:19:16,monthly,12
C0020568,2026-06-06 06:23:56,annual,99
C0000245,2026-06-06 06:26:46,monthly,12
C0009253,2026-06-06 07:23:42,monthly,12
C0022527,2026-06-06 07:59:08,annual,99
C0008637,2026-06-06 08:27:03,annual,99
C0025391,2026-06-06 08:51:04,monthly,12
C0014686,2026-06-06 09:09:55,annual,99
C0006929,2026-06-06 09:31:23,monthly,12
C0004592,2026-06-06 09:39:12,monthly,12
C0031574,2026-06-06 10:23:22,monthly,12
C0001918,2026-06-06 10:37:59,annual,99
C0023107,2026-06-06 10:43:56,annual,99
C0030700,2026-06-06 10:47:23,monthly,12
C0009947,2026-06-06 11:08:44,annual,99
C0028977,2026-06-06 11:15:37,monthly,12
C0021192,2026-06-06 11:23:02,annual,99
C0036724,2026-06-06 13:17:26,monthly,12
C0020831,2026-06-06 13:46:17,annual,99
C0027945,2026-06-06 13:58:46,monthly,12
C0029117,2026-06-06 14:20:23,annual,99
C0023192,2026-06-06 14:45:51,annual,99
C0002257,2026-06-06 14:46:01,annual,99
C0016534,2026-06-06 14:46:19,monthly,12
C0028059,2026-06-06 14:50:26,monthly,12
C0022123,2026-06-06 15:11:37,monthly,12
C0010236,2026-06-06 15:20:00,monthly,12
C0029347,2026-06-06 15:26:01,monthly,12
C0011593,2026-06-06 15:49:24,annual,99
C0024258,2026-06-06 15:50:00,annual,99
C0020517,2026-06-06 16:01:36,monthly,12
C0001814,2026-06-06 16:12:59,monthly,12
C0007995,2026-06-06 16:33:51,annual,99
C0018552,2026-06-06 16:49:32,annual,99
C0004868,2026-06-06 17:22:55,monthly,12
C0003168,2026-06-06 17:40:19,monthly,12
C0024331,2026-06-06 18:08:50,monthly,12
C0023613,2026-06-06 18:30:15,annual,99
C0011430,2026-06-06 18:49:02,annual,99
C0037760,2026-06-06 19:04:13,annual,99
C0017852,2026-06-06 19:33:30,monthly,12
C0039879,2026-06-06 19:45:14,annual,99
C0029274,2026-06-06 20:13:12,annual,99
C0033236,2026-06-06 20:30:35,annual,99
C0025560,2026-06-06 20:47:46,monthly,12
C0008074,2026-06-06 21:18:16,monthly,12
C0009838,2026-06-06 21:35:01,annual,99
C0032503,2026-06-06 21:37:59,monthly,12
C0024390,2026-06-06 21:54:20,monthly,12
C0026030,2026-06-06 22:28:18,monthly,12
C0035905,2026-06-06 22:29:19,monthly,12
C0027744,2026-06-06 22:34:56,monthly,12
C0038900,2026-06-06 22:35:59,monthly,12
C0009723,2026-06-06 23:22:32,annual,99
C0037592,2026-06-06 23:45:49,annual,99
C0004779,2026-06-07 00:23:28,monthly,12
C0026187,2026-06-07 00:47:27,monthly,12
C0029728,2026-06-07 01:02:30,monthly,12
C0016056,2026-06-07 01:11:39,monthly,12
C0021224,2026-06-07 01:20:46,annual,99
C0004608,2026-06-07 01:32:51,annual,99
C0039805,2026-06-07 01:37:54,annual,99
C0029255,2026-06-07 01:38:41,monthly,12
C0030579,2026-06-07 01:51:13,monthly,12
C0035711,2026-06-07 01:53:11,annual,99
C0006556,2026-06-07 01:57:57,annual,99
C0022962,2026-06-07 02:16:00,annual,99
C0028443,2026-06-07 02:41:30,annual,99
C0030154,2026-06-07 02:57:07,annual,99
C0036839,2026-06-07 03:07:42,annual,99
C0004421,2026-06-07 03:48:14,monthly,12
C0002368,2026-06-07 03:52:25,monthly,12
C0037272,2026-06-07 03:57:39,annual,99
C0034622,2026-06-07 03:59:42,monthly,12
C0036719,2026-06-07 04:27:12,annual,99
C0019070,2026-06-07 05:09:28,annual,99
C0030102,2026-06-07 05:49:50,monthly,12
C0025860,2026-06-07 05:56:01,annual,99
C0026311,2026-06-07 06:24:05,monthly,12
C0023189,2026-06-07 06:49:36,monthly,12
C0009160,2026-06-07 07:03:52,monthly,12
C0035099,2026-06-07 07:11:38,monthly,12
C0024490,2026-06-07 07:40:47,monthly,12
C0014339,2026-06-07 07:57:05,monthly,12
C0015619,2026-06-07 07:58:26,annual,99
C0006515,2026-06-07 08:18:34,monthly,12
C0016441,2026-06-07 08:56:48,annual,99
C0018728,2026-06-07 10:00:23,annual,99
C0033819,2026-06-07 10:45:00,monthly,12
C0026790,2026-06-07 11:29:43,annual,99
C0014384,2026-06-07 11:32:18,annual,99
C0034592,2026-06-07 11:43:36,annual,99
C0018919,2026-06-07 12:17:59,annual,99
C0004632,2026-06-07 12:31:29,monthly,12
C0020188,2026-06-07 12:43:30,annual,99
C0024645,2026-06-07 13:35:19,monthly,12
C0015381,2026-06-07 13:48:13,annual,99
C0014521,2026-06-07 13:56:37,monthly,12
C0008617,2026-06-07 14:03:21,annual,99
C0036076,2026-06-07 14:09:06,annual,99
C0014545,2026-06-07 14:37:00,annual,99
C0009981,2026-06-07 14:57:00,annual,99
C0012906,2026-06-07 15:25:14,annual,99
C0013648,2026-06-07 15:43:34,annual,99
C0031536,2026-06-07 16:12:42,annual,99
C0024101,2026-06-07 16:41:50,monthly,12
C0023154,2026-06-07 16:41:56,monthly,12
C0024763,2026-06-07 16:44:51,annual,99
C0028415,2026-06-07 17:20:15,monthly,12
C0028800,2026-06-07 18:21:28,monthly,12
C0033062,2026-06-07 18:28:30,monthly,12
C0001416,2026-06-07 18:30:00,annual,99
C0038997,2026-06-07 18:31:57,monthly,12
C0008246,2026-06-07 18:58:14,annual,99
C0009112,2026-06-07 19:25:28,annual,99
C0022799,2026-06-07 20:10:22,annual,99
C0027632,2026-06-07 20:15:44,annual,99
C0003212,2026-06-07 20:26:29,annual,99
C0004980,2026-06-07 20:29:39,annual,99
C0007873,2026-06-07 20:51:41,annual,99
C0019749,2026-06-07 21:48:03,annual,99
C0015682,2026-06-07 21:49:42,monthly,12
C0021656,2026-06-07 21:49:46,monthly,12
C0029964,2026-06-07 22:53:32,monthly,12
C0021393,2026-06-07 23:20:28,monthly,12
C0021345,2026-06-07 23:58:41,monthly,12
C0003243,2026-06-08 00:18:50,annual,99
C0007625,2026-06-08 01:40:50,annual,99
C0015005,2026-06-08 01:43:36,monthly,12
C0033211,2026-06-08 02:14:01,annual,99
C0036136,2026-06-08 03:37:22,annual,99
C0025277,2026-06-08 03:52:56,annual,99
C0008016,2026-06-08 04:45:22,monthly,12
C0020339,2026-06-08 05:18:54,annual,99
C0009199,2026-06-08 05:22:26,monthly,12
C0007799,2026-06-08 06:04:32,monthly,12
C0021832,2026-06-08 07:01:50,monthly,12
C0007951,2026-06-08 07:19:22,annual,99
C0001992,2026-06-08 07:33:55,monthly,12
C0010100,2026-06-08 07:35:43,monthly,12
C0028303,2026-06-08 07:41:32,monthly,12
C0004449,2026-06-08 07:56:59,annual,99
C0004194,2026-06-08 08:35:18,monthly,12
C0021799,2026-06-08 08:37:45,annual,99
C0011162,2026-06-08 08:46:20,monthly,12
C0001602,2026-06-08 08:56:10,monthly,12
C0024762,2026-06-08 08:56:10,annual,99
C0003222,2026-06-08 08:58:55,monthly,12
C0038382,2026-06-08 09:27:37,annual,99
C0001361,2026-06-08 09:51:51,annual,99
C0023028,2026-06-08 10:38:23,monthly,12
C0026488,2026-06-08 11:19:30,annual,99
C0020348,2026-06-08 11:35:35,monthly,12
C0021948,2026-06-08 11:37:12,annual,99
C0017778,2026-06-08 11:45:21,annual,99
C0029165,2026-06-08 12:24:40,monthly,12
C0011010,2026-06-08 12:31:09,monthly,12
C0009630,2026-06-08 12:51:01,annual,99
C0019635,2026-06-08 13:20:29,monthly,12
C0003681,2026-06-08 13:30:16,monthly,12
C0000696,2026-06-08 14:17:00,monthly,12
C0031170,2026-06-08 14:23:50,annual,99
C0001384,2026-06-08 14:29:36,annual,99
C0027349,2026-06-08 14:37:40,monthly,12
C0038299,2026-06-08 14:49:15,annual,99
C0020239,2026-06-08 15:02:51,annual,99
C0009470,2026-06-08 15:33:01,monthly,12
C0008079,2026-06-08 15:50:07,annual,99
C0003334,2026-06-08 15:53:44,monthly,12
C0004333,2026-06-08 16:08:01,annual,99
C0020690,2026-06-08 16:14:16,annual,99
C0037579,2026-06-08 16:35:12,monthly,12
C0010876,2026-06-08 17:04:37,monthly,12
C0009456,2026-06-08 17:13:18,monthly,12
C0024594,2026-06-08 17:15:44,monthly,12
C0030879,2026-06-08 17:45:22,monthly,12
C0028211,2026-06-08 18:37:54,annual,99
C0003630,2026-06-08 18:51:51,annual,99
C0024002,2026-06-08 19:12:08,monthly,12
C0028857,2026-06-08 19:26:32,monthly,12
C0002163,2026-06-08 20:00:15,monthly,12
C0017843,2026-06-08 20:27:41,annual,99
C0035992,2026-06-08 20:39:16,annual,99
C0034602,2026-06-08 20:56:46,annual,99
C0006385,2026-06-08 21:34:34,annual,99
C0035638,2026-06-08 21:36:09,monthly,12
C0005828,2026-06-08 22:15:54,monthly,12
C0009958,2026-06-08 22:40:32,monthly,12
C0006032,2026-06-08 23:18:14,annual,99
C0011767,2026-06-08 23:21:01,annual,99
C0012330,2026-06-09 00:08:43,monthly,12
C0012009,2026-06-09 00:45:35,annual,99
C0005129,2026-06-09 01:53:31,annual,99
C0036219,2026-06-09 01:56:36,annual,99
C0021039,2026-06-09 02:21:00,annual,99
C0008017,2026-06-09 02:43:38,monthly,12
C0035944,2026-06-09 03:05:39,monthly,12
C0018077,2026-06-09 03:10:29,annual,99
C0005777,2026-06-09 04:15:03,monthly,12
C0013341,2026-06-09 04:18:16,annual,99
C0039680,2026-06-09 04:24:48,annual,99
C0022367,2026-06-09 04:30:11,annual,99
C0026003,2026-06-09 05:02:22,annual,99
C0036768,2026-06-09 05:28:30,monthly,12
C0016439,2026-06-09 05:34:18,monthly,12
C0021044,2026-06-09 06:30:12,monthly,12
C0008096,2026-06-09 06:46:49,annual,99
C0017370,2026-06-09 08:02:47,monthly,12
C0012988,2026-06-09 08:28:20,monthly,12
C0024154,2026-06-09 08:28:58,annual,99
C0023012,2026-06-09 09:00:30,annual,99
C0022348,2026-06-09 09:55:58,monthly,12
C0002660,2026-06-09 10:17:42,annual,99
C0008422,2026-06-09 10:32:38,monthly,12
C0038689,2026-06-09 10:44:04,annual,99
C0026061,2026-06-09 10:46:26,monthly,12
C0039667,2026-06-09 11:15:30,monthly,12
C0017617,2026-06-09 11:55:38,annual,99
C0013008,2026-06-09 12:07:31,monthly,12
C0006752,2026-06-09 12:07:49,monthly,12
C0003180,2026-06-09 12:26:24,annual,99
C0032010,2026-06-09 12:28:29,monthly,12
C0022508,2026-06-09 12:45:19,monthly,12
C0005395,2026-06-09 12:52:57,monthly,12
C0024692,2026-06-09 13:12:52,monthly,12
C0023067,2026-06-09 13:14:19,annual,99
C0030182,2026-06-09 14:28:57,annual,99
C0038046,2026-06-09 15:09:06,annual,99
C0029826,2026-06-09 15:11:17,annual,99
C0002342,2026-06-09 15:19:15,monthly,12
C0035486,2026-06-09 15:28:49,monthly,12
C0032405,2026-06-09 15:43:03,monthly,12
C0012112,2026-06-09 15:43:31,monthly,12
C0020154,2026-06-09 15:46:20,monthly,12
C0016115,2026-06-09 15:52:19,annual,99
C0036720,2026-06-09 16:07:57,annual,99
C0030025,2026-06-09 16:11:06,annual,99
C0021949,2026-06-09 16:22:10,monthly,12
C0006277,2026-06-09 16:39:17,monthly,12
C0021749,2026-06-09 17:00:11,monthly,12
C0013208,2026-06-09 17:12:34,monthly,12
C0039039,2026-06-09 17:15:27,monthly,12
C0001439,2026-06-09 17:40:44,monthly,12
C0001777,2026-06-09 17:44:39,annual,99
C0032748,2026-06-09 17:48:07,monthly,12
C0025348,2026-06-09 17:49:41,monthly,12
C0013561,2026-06-09 18:14:23,annual,99
C0006834,2026-06-09 18:26:41,annual,99
C0023426,2026-06-09 18:46:04,monthly,12
C0037416,2026-06-09 19:01:59,monthly,12
C0030635,2026-06-09 19:30:06,annual,99
C0027005,2026-06-09 19:31:52,monthly,12
C0022393,2026-06-09 20:20:29,annual,99
C0028701,2026-06-09 21:22:46,monthly,12
C0010010,2026-06-09 21:23:12,annual,99
C0009701,2026-06-09 21:28:42,annual,99
C0004502,2026-06-09 21:49:29,monthly,12
C0008112,2026-06-09 22:04:04,monthly,12
C0016672,2026-06-09 22:24:07,annual,99
C0003049,2026-06-09 23:00:08,annual,99
C0001493,2026-06-09 23:33:20,annual,99
C0036750,2026-06-10 00:10:46,annual,99
C0011733,2026-06-10 01:12:52,annual,99
C0012535,2026-06-10 01:35:54,monthly,12
C0035387,2026-06-10 01:45:58,annual,99
C0017184,2026-06-10 02:15:33,annual,99
C0013373,2026-06-10 02:18:21,monthly,12
C0020649,2026-06-10 02:47:58,annual,99
C0031866,2026-06-10 02:52:39,monthly,12
C0000480,2026-06-10 03:11:52,monthly,12
C0005160,2026-06-10 03:15:29,monthly,12
C0003642,2026-06-10 03:21:56,annual,99
C0032538,2026-06-10 04:04:34,annual,99
C0000902,2026-06-10 04:18:11,annual,99
C0034912,2026-06-10 04:20:17,monthly,12
C0005682,2026-06-10 04:23:07,annual,99
C0034543,2026-06-10 04:28:39,monthly,12
C0007266,2026-06-10 04:28:58,monthly,12
C0002800,2026-06-10 05:34:44,annual,99
C0000473,2026-06-10 05:56:40,annual,99
C0022626,2026-06-10 05:59:51,monthly,12
C0019443,2026-06-10 06:19:39,monthly,12
C0001070,2026-06-10 06:20:01,monthly,12
C0035775,2026-06-10 06:36:14,monthly,12
C0029976,2026-06-10 07:04:40,annual,99
C0001283,2026-06-10 07:16:19,annual,99
C0025528,2026-06-10 07:54:58,monthly,12
C0017141,2026-06-10 08:05:50,annual,99
C0008938,2026-06-10 08:13:08,monthly,12
C0000633,2026-06-10 08:51:19,monthly,12
C0027966,2026-06-10 09:26:57,annual,99
C0000546,2026-06-10 09:34:52,annual,99
C0026952,2026-06-10 09:43:11,annual,99
C0032597,2026-06-10 09:53:09,annual,99
C0022071,2026-06-10 10:08:40,annual,99
C0016138,2026-06-10 10:10:33,monthly,12
C0017611,2026-06-10 11:13:54,annual,99
C0006226,2026-06-10 11:14:00,annual,99
C0007607,2026-06-10 11:28:06,monthly,12
C0038556,2026-06-10 11:33:56,monthly,12
C0026182,2026-06-10 11:39:40,annual,99
C0034986,2026-06-10 11:43:07,annual,99
C0039156,2026-06-10 11:55:15,monthly,12
C0023754,2026-06-10 12:17:51,annual,99
C0014636,2026-06-10 12:28:26,monthly,12
C0018999,2026-06-10 12:30:27,annual,99
C0009586,2026-06-10 12:33:24,annual,99
C0029138,2026-06-10 12:39:16,monthly,12
C0031672,2026-06-10 12:59:33,monthly,12
C0026480,2026-06-10 14:28:01,annual,99
C0024406,2026-06-10 14:57:31,monthly,12
C0010849,2026-06-10 15:24:07,annual,99
C0006921,2026-06-10 15:53:15,annual,99
C0007294,2026-06-10 16:00:32,annual,99
C0009929,2026-06-10 16:32:39,monthly,12
C0035890,2026-06-10 17:32:55,monthly,12
C0026014,2026-06-10 17:48:49,annual,99
C0006590,2026-06-10 17:56:38,monthly,12
C0028618,2026-06-10 18:11:52,annual,99
C0002122,2026-06-10 18:19:28,annual,99
C0037296,2026-06-10 18:39:51,monthly,12
C0011166,2026-06-10 19:17:00,annual,99
C0031048,2026-06-10 19:17:14,monthly,12
C0019762,2026-06-10 19:27:52,monthly,12
C0018568,2026-06-10 20:07:43,monthly,12
C0034054,2026-06-10 20:14:06,monthly,12
C0025547,2026-06-10 20:32:08,monthly,12
C0022659,2026-06-10 20:41:27,monthly,12
C0010161,2026-06-10 20:44:46,annual,99
C0001243,2026-06-10 20:58:34,monthly,12
C0017390,2026-06-10 21:03:51,monthly,12
C0011817,2026-06-10 21:22:06,monthly,12
C0026277,2026-06-10 21:26:14,annual,99
C0025788,2026-06-10 21:54:49,monthly,12
C0011100,2026-06-10 22:01:42,annual,99
C0015349,2026-06-10 22:14:09,annual,99
C0026716,2026-06-10 22:37:03,monthly,12
C0024993,2026-06-10 22:57:57,annual,99
C0038163,2026-06-10 23:05:04,annual,99
C0023153,2026-06-10 23:11:26,annual,99
C0015572,2026-06-10 23:13:53,monthly,12
C0021675,2026-06-11 00:21:47,annual,99
C0002172,2026-06-11 00:30:44,annual,99
C0006816,2026-06-11 01:16:47,annual,99
C0039848,2026-06-11 01:19:37,monthly,12
C0030066,2026-06-11 01:29:10,annual,99
C0030583,2026-06-11 02:17:40,annual,99
C0000867,2026-06-11 02:19:35,annual,99
C0018314,2026-06-11 02:33:27,monthly,12
C0020502,2026-06-11 02:46:18,monthly,12
C0001168,2026-06-11 03:12:50,monthly,12
C0035938,2026-06-11 03:33:50,monthly,12
C0031320,2026-06-11 04:26:21,annual,99
C0020948,2026-06-11 04:49:30,annual,99
C0034032,2026-06-11 04:51:46,annual,99
C0034735,2026-06-11 05:16:37,annual,99
C0003546,2026-06-11 05:20:32,monthly,12
C0011988,2026-06-11 05:24:37,annual,99
C0032258,2026-06-11 05:39:50,annual,99
C0014377,2026-06-11 07:09:03,monthly,12
C0005287,2026-06-11 07:13:58,annual,99
C0007883,2026-06-11 07:26:21,annual,99
C0015119,2026-06-11 07:27:55,monthly,12
C0032628,2026-06-11 07:30:54,annual,99
C0031353,2026-06-11 08:10:27,annual,99
C0009248,2026-06-11 08:19:48,monthly,12
C0028764,2026-06-11 08:48:36,monthly,12
C0001892,2026-06-11 09:37:06,annual,99
C0004961,2026-06-11 09:46:14,annual,99
C0009168,2026-06-11 10:13:08,annual,99
C0020374,2026-06-11 10:17:28,monthly,12
C0030618,2026-06-11 11:15:32,monthly,12
C0016314,2026-06-11 11:16:15,monthly,12
C0009763,2026-06-11 11:36:29,annual,99
C0005232,2026-06-11 12:28:28,annual,99
C0022625,2026-06-11 13:59:19,monthly,12
C0011263,2026-06-11 14:19:52,annual,99
C0017439,2026-06-11 14:28:39,annual,99
C0032558,2026-06-11 15:28:13,monthly,12
C0014786,2026-06-11 16:33:56,annual,99
C0012166,2026-06-11 16:35:54,annual,99
C0015304,2026-06-11 16:48:55,monthly,12
C0023747,2026-06-11 16:57:47,annual,99
C0024617,2026-06-11 17:08:19,annual,99
C0011759,2026-06-11 17:10:22,annual,99
C0034528,2026-06-11 17:10:49,monthly,12
C0026245,2026-06-11 17:23:02,annual,99
C0019384,2026-06-11 17:25:44,monthly,12
C0002086,2026-06-11 17:33:16,monthly,12
C0032135,2026-06-11 19:10:40,annual,99
C0032083,2026-06-11 19:53:45,monthly,12
C0036591,2026-06-11 19:55:16,monthly,12
C0031212,2026-06-11 20:12:21,monthly,12
C0016790,2026-06-11 20:26:09,annual,99
C0015235,2026-06-11 21:21:48,annual,99
C0022002,2026-06-11 22:22:07,monthly,12
C0000300,2026-06-11 22:30:06,monthly,12
C0010032,2026-06-11 22:35:20,monthly,12
C0036973,2026-06-11 22:44:33,annual,99
C0010072,2026-06-11 22:59:54,monthly,12
C0019107,2026-06-11 23:05:31,monthly,12
C0010564,2026-06-11 23:39:02,monthly,12
C0035333,2026-06-12 00:09:32,annual,99
C0000615,2026-06-12 00:16:01,annual,99
C0011051,2026-06-12 00:21:10,monthly,12
C0007282,2026-06-12 00:46:15,annual,99
C0009145,2026-06-12 00:56:18,monthly,12
C0037508,2026-06-12 00:56:54,monthly,12
C0014400,2026-06-12 01:09:51,monthly,12
C0004839,2026-06-12 01:20:19,monthly,12
C0032818,2026-06-12 01:33:14,annual,99
C0033777,2026-06-12 01:45:16,monthly,12
C0017207,2026-06-12 02:14:14,monthly,12
C0006567,2026-06-12 02:17:36,monthly,12
C0024792,2026-06-12 02:19:03,monthly,12
C0013986,2026-06-12 02:23:48,monthly,12
C0029645,2026-06-12 02:36:48,monthly,12
C0026246,2026-06-12 02:37:42,annual,99
C0012429,2026-06-12 04:14:54,annual,99
C0002359,2026-06-12 05:03:02,monthly,12
C0007165,2026-06-12 05:09:36,monthly,12
C0020437,2026-06-12 05:18:52,monthly,12
C0028949,2026-06-12 05:32:02,annual,99
C0023378,2026-06-12 06:12:22,annual,99
C0010478,2026-06-12 06:42:16,monthly,12
C0026242,2026-06-12 06:48:53,annual,99
C0032045,2026-06-12 07:05:01,monthly,12
C0002590,2026-06-12 07:14:21,annual,99
C0032042,2026-06-12 08:19:04,monthly,12
C0029835,2026-06-12 08:30:42,annual,99
C0039612,2026-06-12 08:32:46,annual,99
C0018097,2026-06-12 08:37:27,monthly,12
C0032733,2026-06-12 09:18:44,annual,99
C0021441,2026-06-12 09:24:09,annual,99
C0027769,2026-06-12 09:44:46,monthly,12
C0000503,2026-06-12 10:35:17,monthly,12
C0014690,2026-06-12 10:41:15,annual,99
C0021714,2026-06-12 10:54:33,monthly,12
C0013129,2026-06-12 11:00:02,annual,99
C0015907,2026-06-12 11:09:10,annual,99
C0013823,2026-06-12 11:26:16,annual,99
C0000875,2026-06-12 11:52:25,annual,99
C0035897,2026-06-12 12:02:47,annual,99
C0023494,2026-06-12 12:08:15,annual,99
C0038213,2026-06-12 12:13:55,annual,99
C0032663,2026-06-12 12:25:56,monthly,12
C0003563,2026-06-12 12:45:11,annual,99
C0030739,2026-06-12 13:19:13,annual,99
C0031400,2026-06-12 14:07:54,annual,99
C0006917,2026-06-12 14:23:10,monthly,12
C0028971,2026-06-12 14:57:18,annual,99
C0030055,2026-06-12 15:37:48,monthly,12
C0038355,2026-06-12 15:44:44,monthly,12
C0009072,2026-06-12 16:40:47,annual,99
C0008629,2026-06-12 18:22:30,annual,99
C0016231,2026-06-12 18:48:41,annual,99
C0017754,2026-06-12 19:02:03,annual,99
C0025194,2026-06-12 19:04:23,monthly,12
C0013975,2026-06-12 19:42:12,annual,99
C0007545,2026-06-12 19:55:10,monthly,12
C0011114,2026-06-12 20:52:36,monthly,12
C0004009,2026-06-12 21:14:56,monthly,12
C0007125,2026-06-12 21:20:29,monthly,12
C0028559,2026-06-12 21:53:47,annual,99
C0019765,2026-06-12 22:05:12,monthly,12
C0032598,2026-06-12 22:08:18,monthly,12
C0010604,2026-06-12 22:24:36,monthly,12
C0038070,2026-06-12 23:24:56,monthly,12
C0039665,2026-06-13 00:28:12,annual,99
C0003405,2026-06-13 00:29:42,annual,99
C0012817,2026-06-13 00:33:04,monthly,12
C0002741,2026-06-13 00:55:15,annual,99
C0020087,2026-06-13 01:21:45,monthly,12
C0035597,2026-06-13 01:41:54,annual,99
C0034486,2026-06-13 02:21:13,monthly,12
C0008857,2026-06-13 02:27:31,annual,99
C0032715,2026-06-13 02:29:32,annual,99
C0025500,2026-06-13 03:30:37,monthly,12
C0019681,2026-06-13 03:56:57,monthly,12
C0035424,2026-06-13 04:14:51,annual,99
C0002070,2026-06-13 04:36:29,monthly,12
C0039204,2026-06-13 04:44:59,annual,99
C0025539,2026-06-13 04:53:44,annual,99
C0039765,2026-06-13 05:01:50,annual,99
C0014017,2026-06-13 05:47:18,monthly,12
C0012269,2026-06-13 05:54:41,annual,99
C0012882,2026-06-13 05:57:22,annual,99
C0027717,2026-06-13 06:17:48,monthly,12
C0026492,2026-06-13 06:19:21,monthly,12
C0018087,2026-06-13 06:35:41,annual,99
C0020484,2026-06-13 07:19:51,annual,99
C0024156,2026-06-13 07:50:15,monthly,12
C0031037,2026-06-13 08:01:15,monthly,12
C0019067,2026-06-13 09:48:15,annual,99
C0037102,2026-06-13 10:00:40,monthly,12
C0030755,2026-06-13 11:13:18,annual,99
C0011887,2026-06-13 11:15:02,monthly,12
C0027774,2026-06-13 11:17:07,annual,99
C0018112,2026-06-13 11:28:42,monthly,12
C0014427,2026-06-13 11:53:54,monthly,12
C0039058,2026-06-13 11:53:58,annual,99
C0019739,2026-06-13 12:19:17,monthly,12
C0009346,2026-06-13 12:53:52,monthly,12
C0029926,2026-06-13 12:56:48,annual,99
C0034581,2026-06-13 13:47:39,annual,99
C0013087,2026-06-13 14:14:17,monthly,12
C0006709,2026-06-13 14:44:29,monthly,12
C0039349,2026-06-13 14:57:37,monthly,12
C0006727,2026-06-13 15:02:08,annual,99
C0032674,2026-06-13 15:05:07,monthly,12
C0029414,2026-06-13 15:21:51,annual,99
C0021438,2026-06-13 15:32:57,monthly,12
C0001516,2026-06-13 16:09:32,monthly,12
C0002336,2026-06-13 16:16:25,annual,99
C0035830,2026-06-13 16:27:07,annual,99
C0023522,2026-06-13 16:43:51,monthly,12
C0012393,2026-06-13 16:53:24,monthly,12
C0013394,2026-06-13 17:02:53,annual,99
C0005672,2026-06-13 17:21:42,annual,99
C0027310,2026-06-13 18:02:54,annual,99
C0013494,2026-06-13 18:50:05,monthly,12
C0007107,2026-06-13 18:53:17,annual,99
C0016848,2026-06-13 19:03:50,annual,99
C0011351,2026-06-13 19:31:52,annual,99
C0012422,2026-06-13 19:33:46,annual,99
C0010033,2026-06-13 19:54:49,annual,99
C0012753,2026-06-13 20:02:12,monthly,12
C0013250,2026-06-13 20:03:42,annual,99
C0025672,2026-06-13 20:07:52,annual,99
C0030775,2026-06-13 20:15:28,monthly,12
C0018934,2026-06-13 21:04:11,monthly,12
C0014240,2026-06-13 21:19:07,annual,99
C0034814,2026-06-13 21:34:01,annual,99
C0019135,2026-06-13 22:01:17,monthly,12
C0001048,2026-06-13 23:10:13,annual,99
C0016698,2026-06-13 23:27:04,annual,99
C0030524,2026-06-13 23:31:03,annual,99
C0029503,2026-06-14 00:12:04,annual,99
C0005705,2026-06-14 00:19:31,monthly,12
C0010388,2026-06-14 00:50:49,annual,99
C0001127,2026-06-14 01:40:53,annual,99
C0006241,2026-06-14 01:45:07,monthly,12
C0015029,2026-06-14 02:00:26,annual,99
C0000178,2026-06-14 02:12:37,monthly,12
C0038350,2026-06-14 02:13:52,monthly,12
C0023767,2026-06-14 02:19:04,annual,99
C0021433,2026-06-14 02:32:09,annual,99
C0031982,2026-06-14 02:47:48,monthly,12
C0028837,2026-06-14 03:46:12,annual,99
C0022656,2026-06-14 04:05:01,monthly,12
C0036042,2026-06-14 04:34:51,annual,99
C0026136,2026-06-14 05:08:16,monthly,12
C0029632,2026-06-14 05:21:55,annual,99
C0009715,2026-06-14 05:54:35,monthly,12
C0037504,2026-06-14 06:08:26,monthly,12
C0039539,2026-06-14 06:24:22,monthly,12
C0025522,2026-06-14 07:06:57,annual,99
C0003257,2026-06-14 07:08:49,annual,99
C0023987,2026-06-14 07:58:53,monthly,12
C0013390,2026-06-14 08:37:36,monthly,12
C0027709,2026-06-14 08:43:00,monthly,12
C0015915,2026-06-14 08:53:06,monthly,12
C0001185,2026-06-14 08:55:36,annual,99
C0008659,2026-06-14 09:14:38,annual,99
C0028754,2026-06-14 09:33:09,monthly,12
C0018284,2026-06-14 09:33:58,annual,99
C0000559,2026-06-14 09:37:59,monthly,12
C0033391,2026-06-14 09:44:59,annual,99
C0024011,2026-06-14 10:06:49,monthly,12
C0028525,2026-06-14 10:48:28,monthly,12
C0003133,2026-06-14 11:02:41,annual,99
C0002744,2026-06-14 11:11:26,monthly,12
C0015137,2026-06-14 11:12:46,monthly,12
C0039551,2026-06-14 12:12:52,annual,99
C0006313,2026-06-14 12:18:26,monthly,12
C0027611,2026-06-14 12:29:59,monthly,12
C0033301,2026-06-14 12:37:36,monthly,12
C0028992,2026-06-14 12:55:31,annual,99
C0018918,2026-06-14 13:08:36,annual,99
C0000865,2026-06-14 13:23:47,monthly,12
C0014527,2026-06-14 13:44:51,annual,99
C0014760,2026-06-14 13:57:54,annual,99
C0017969,2026-06-14 14:00:15,annual,99
C0038180,2026-06-14 14:00:30,annual,99
C0014478,2026-06-14 14:19:13,annual,99
C0024681,2026-06-14 14:37:48,annual,99
C0018463,2026-06-14 14:46:02,monthly,12
C0014154,2026-06-14 14:54:51,annual,99
C0006918,2026-06-14 14:57:38,annual,99
C0025707,2026-06-14 15:33:34,monthly,12
C0034580,2026-06-14 15:38:01,annual,99
C0021201,2026-06-14 16:08:56,monthly,12
C0026879,2026-06-14 16:40:54,monthly,12
C0026819,2026-06-14 17:01:43,monthly,12
C0009326,2026-06-14 17:16:35,annual,99
C0025417,2026-06-14 17:17:17,annual,99
C0029373,2026-06-14 17:34:39,monthly,12
C0001629,2026-06-14 17:44:05,annual,99
C0035517,2026-06-14 17:44:42,monthly,12
C0008574,2026-06-14 17:51:36,annual,99
C0029288,2026-06-14 18:11:36,annual,99
C0017119,2026-06-14 18:26:27,annual,99
C0036704,2026-06-14 18:27:49,monthly,12
C0013909,2026-06-14 18:31:40,annual,99
C0028452,2026-06-14 19:10:03,monthly,12
C0026432,2026-06-14 19:19:09,monthly,12
C0020471,2026-06-14 19:19:18,monthly,12
C0020354,2026-06-14 19:32:17,monthly,12
C0038695,2026-06-14 20:03:27,monthly,12
C0011124,2026-06-14 20:30:50,monthly,12
C0013546,2026-06-14 21:10:21,annual,99
C0017881,2026-06-14 21:25:13,annual,99
C0004174,2026-06-14 21:44:50,monthly,12
C0012945,2026-06-14 21:45:58,monthly,12
C0022954,2026-06-14 21:47:19,monthly,12
C0039964,2026-06-14 21:53:21,annual,99
C0039357,2026-06-14 22:02:35,annual,99
C0029654,2026-06-14 22:23:41,annual,99
C0034296,2026-06-14 22:25:45,annual,99
C0033080,2026-06-14 22:55:11,annual,99
C0023330,2026-06-14 23:54:04,annual,99
C0006823,2026-06-15 00:46:23,annual,99
C0003503,2026-06-15 01:04:39,annual,99
C0027710,2026-06-15 01:46:22,annual,99
C0005620,2026-06-15 02:37:54,annual,99
C0006770,2026-06-15 04:16:21,annual,99
C0026721,2026-06-15 04:42:30,annual,99
C0033257,2026-06-15 04:56:07,monthly,12
C0010565,2026-06-15 05:06:38,annual,99
C0010741,2026-06-15 05:53:33,monthly,12
C0034124,2026-06-15 07:04:26,annual,99
C0028991,2026-06-15 07:13:02,monthly,12
C0006162,2026-06-15 07:30:50,annual,99
C0013999,2026-06-15 07:31:39,monthly,12
C0024216,2026-06-15 07:38:13,monthly,12
C0031127,2026-06-15 07:41:23,annual,99
C0016763,2026-06-15 07:53:28,monthly,12
C0007929,2026-06-15 08:21:07,annual,99
C0016208,2026-06-15 08:26:56,monthly,12
C0024312,2026-06-15 08:33:22,annual,99
C0026608,2026-06-15 08:58:11,monthly,12
C0015086,2026-06-15 09:27:29,monthly,12
C0026467,2026-06-15 09:28:03,annual,99
C0037159,2026-06-15 09:49:47,annual,99
C0003699,2026-06-15 09:52:42,annual,99
C0030442,2026-06-15 10:02:48,monthly,12
C0021692,2026-06-15 10:30:54,monthly,12
C0016060,2026-06-15 10:39:35,annual,99
C0022091,2026-06-15 11:30:57,monthly,12
C0028462,2026-06-15 11:39:42,annual,99
C0013557,2026-06-15 11:53:50,annual,99
C0005950,2026-06-15 12:09:02,annual,99
C0036872,2026-06-15 12:20:22,annual,99
C0009100,2026-06-15 12:31:44,annual,99
C0036651,2026-06-15 13:27:56,annual,99
C0023225,2026-06-15 13:29:25,monthly,12
C0033331,2026-06-15 14:07:15,monthly,12
C0015805,2026-06-15 15:25:27,annual,99
C0038597,2026-06-15 15:52:29,annual,99
C0013388,2026-06-15 16:52:43,monthly,12
C0019437,2026-06-15 16:57:06,annual,99
C0028489,2026-06-15 17:02:17,monthly,12
C0033729,2026-06-15 17:05:33,annual,99
C0027616,2026-06-15 17:24:46,annual,99
C0006246,2026-06-15 17:38:15,monthly,12
C0011885,2026-06-15 18:34:21,monthly,12
C0021697,2026-06-15 19:11:39,annual,99
C0024801,2026-06-15 19:17:36,annual,99
C0012060,2026-06-15 19:30:03,annual,99
C0014661,2026-06-15 20:12:54,monthly,12
C0010619,2026-06-15 20:14:22,annual,99
C0025987,2026-06-15 20:24:54,annual,99
C0019490,2026-06-15 20:26:24,annual,99
C0020036,2026-06-15 21:45:52,monthly,12
C0028128,2026-06-15 21:47:46,annual,99
C0031286,2026-06-15 21:50:42,monthly,12
C0017157,2026-06-15 22:24:24,monthly,12
C0039869,2026-06-15 22:37:14,annual,99
C0031178,2026-06-15 22:38:06,monthly,12
C0001006,2026-06-15 22:47:41,monthly,12
C0033190,2026-06-15 22:58:04,monthly,12
C0003471,2026-06-16 00:17:31,annual,99
C0006033,2026-06-16 00:21:25,annual,99
C0038460,2026-06-16 00:26:15,annual,99
C0014206,2026-06-16 00:34:09,annual,99
C0000031,2026-06-16 00:47:45,monthly,12
C0012323,2026-06-16 01:40:03,monthly,12
C0019158,2026-06-16 02:01:12,annual,99
C0014465,2026-06-16 02:11:05,monthly,12
C0023288,2026-06-16 02:19:41,monthly,12
C0035362,2026-06-16 02:21:07,annual,99
C0033073,2026-06-16 02:27:28,monthly,12
C0030633,2026-06-16 02:28:41,annual,99
C0010724,2026-06-16 02:33:09,annual,99
C0015852,2026-06-16 02:41:47,monthly,12
C0028295,2026-06-16 02:41:54,monthly,12
C0024206,2026-06-16 02:45:22,monthly,12
C0003428,2026-06-16 02:48:04,monthly,12
C0000540,2026-06-16 02:50:00,monthly,12
C0034692,2026-06-16 04:02:18,monthly,12
C0003431,2026-06-16 04:18:42,annual,99
C0034979,2026-06-16 04:28:38,monthly,12
C0006484,2026-06-16 04:37:37,monthly,12
C0029321,2026-06-16 04:45:08,annual,99
C0032633,2026-06-16 04:49:29,annual,99
C0024566,2026-06-16 04:50:00,monthly,12
C0006972,2026-06-16 05:22:58,monthly,12
C0027007,2026-06-16 05:23:36,annual,99
C0020866,2026-06-16 05:45:24,annual,99
C0023947,2026-06-16 06:08:05,monthly,12
C0035153,2026-06-16 06:53:39,annual,99
C0023263,2026-06-16 07:43:42,monthly,12
C0027116,2026-06-16 07:44:55,monthly,12
C0001642,2026-06-16 08:08:47,monthly,12
C0001611,2026-06-16 08:39:34,annual,99
C0007888,2026-06-16 09:22:29,monthly,12
C0038110,2026-06-16 09:34:15,monthly,12
C0000543,2026-06-16 10:01:36,monthly,12
C0026457,2026-06-16 10:46:13,monthly,12
C0018390,2026-06-16 11:11:35,monthly,12
C0014084,2026-06-16 11:50:29,monthly,12
C0039779,2026-06-16 12:03:22,monthly,12
C0029336,2026-06-16 12:15:09,annual,99
C0028968,2026-06-16 12:19:42,monthly,12
C0026724,2026-06-16 12:26:07,annual,99
C0009810,2026-06-16 13:09:18,annual,99
C0023860,2026-06-16 13:26:42,annual,99
C0018009,2026-06-16 13:31:49,annual,99
C0031602,2026-06-16 13:35:57,monthly,12
C0010911,2026-06-16 13:44:24,monthly,12
C0018766,2026-06-16 13:52:31,monthly,12
C0016513,2026-06-16 14:10:18,annual,99
C0004373,2026-06-16 14:19:07,monthly,12
C0018926,2026-06-16 14:24:12,annual,99
C0035911,2026-06-16 16:00:08,monthly,12
C0015960,2026-06-16 16:22:10,annual,99
C0012728,2026-06-16 16:37:12,annual,99
C0012504,2026-06-16 16:41:42,monthly,12
C0009800,2026-06-16 16:45:09,annual,99
C0032700,2026-06-16 16:52:26,annual,99
C0017990,2026-06-16 17:17:00,monthly,12
C0036375,2026-06-16 17:22:41,monthly,12
C0020052,2026-06-16 17:23:45,annual,99
C0012987,2026-06-16 17:50:10,monthly,12
C0011208,2026-06-16 17:50:45,annual,99
C0006149,2026-06-16 17:57:43,annual,99
C0018379,2026-06-16 18:06:46,monthly,12
C0009772,2026-06-16 18:18:00,annual,99
C0021852,2026-06-16 19:12:09,annual,99
C0025976,2026-06-16 19:13:26,annual,99
C0007224,2026-06-16 19:40:16,monthly,12
C0000403,2026-06-16 19:43:08,monthly,12
C0007949,2026-06-16 20:01:37,annual,99
C0021791,2026-06-16 20:44:32,annual,99
C0020726,2026-06-16 20:58:16,annual,99
C0030231,2026-06-16 21:13:08,monthly,12
C0023603,2026-06-16 22:05:09,annual,99
C0018672,2026-06-16 22:08:55,monthly,12
C0021552,2026-06-16 23:00:26,monthly,12
C0005388,2026-06-16 23:02:24,annual,99
C0020595,2026-06-16 23:05:34,annual,99
C0004080,2026-06-17 00:53:22,monthly,12
C0029697,2026-06-17 01:05:00,annual,99
C0038345,2026-06-17 01:07:12,annual,99
C0039022,2026-06-17 01:20:32,annual,99
C0006843,2026-06-17 01:29:35,monthly,12
C0005261,2026-06-17 01:41:20,annual,99
C0039152,2026-06-17 02:27:00,monthly,12
C0018113,2026-06-17 02:48:16,annual,99
C0037754,2026-06-17 03:12:10,annual,99
C0014468,2026-06-17 03:23:55,annual,99
C0019648,2026-06-17 03:39:46,annual,99
C0004210,2026-06-17 03:44:46,annual,99
C0027543,2026-06-17 05:10:32,annual,99
C0022114,2026-06-17 05:21:31,annual,99
C0020886,2026-06-17 05:22:03,annual,99
C0008308,2026-06-17 06:06:05,monthly,12
C0036550,2026-06-17 07:18:06,annual,99
C0023849,2026-06-17 07:37:26,annual,99
C0011379,2026-06-17 07:49:16,monthly,12
C0001371,2026-06-17 07:57:35,monthly,12
C0039615,2026-06-17 08:14:36,annual,99
C0020846,2026-06-17 08:59:57,annual,99
C0008837,2026-06-17 09:14:51,annual,99
C0019054,2026-06-17 09:20:37,annual,99
C0007188,2026-06-17 09:35:22,annual,99
C0008971,2026-06-17 09:41:54,monthly,12
C0029788,2026-06-17 10:21:10,monthly,12
C0016954,2026-06-17 10:35:38,annual,99
C0023349,2026-06-17 10:55:21,annual,99
C0014280,2026-06-17 11:03:43,annual,99
C0022947,2026-06-17 12:00:38,annual,99
C0025928,2026-06-17 12:01:50,monthly,12
C0003074,2026-06-17 12:20:53,annual,99
C0011618,2026-06-17 12:28:22,annual,99
C0016644,2026-06-17 12:43:12,annual,99
C0004329,2026-06-17 13:10:49,annual,99
C0027994,2026-06-17 13:37:14,monthly,12
C0004924,2026-06-17 13:42:02,annual,99
C0021341,2026-06-17 14:32:58,annual,99
C0000398,2026-06-17 14:54:44,annual,99
C0019818,2026-06-17 15:02:53,monthly,12
C0025114,2026-06-17 15:21:36,monthly,12
C0027604,2026-06-17 16:06:56,monthly,12
C0024091,2026-06-17 16:27:39,annual,99
C0023527,2026-06-17 16:31:49,annual,99
C0015931,2026-06-17 17:03:05,annual,99
C0033397,2026-06-17 17:11:20,monthly,12
C0004651,2026-06-17 17:27:56,monthly,12
C0024861,2026-06-17 17:31:03,monthly,12
C0028762,2026-06-17 17:36:05,monthly,12
C0010360,2026-06-17 18:20:47,monthly,12
C0033064,2026-06-17 18:29:45,monthly,12
C0016931,2026-06-17 18:33:13,annual,99
C0004683,2026-06-17 18:46:23,annual,99
C0034342,2026-06-17 18:58:12,annual,99
C0000230,2026-06-17 19:00:10,monthly,12
C0031656,2026-06-17 19:05:53,annual,99
C0038651,2026-06-17 19:42:55,monthly,12
C0030008,2026-06-17 19:47:59,annual,99
C0031195,2026-06-17 20:14:38,monthly,12
C0039901,2026-06-17 20:21:31,annual,99
C0015582,2026-06-17 20:56:19,monthly,12
C0014079,2026-06-17 21:16:54,monthly,12
C0032504,2026-06-17 22:15:02,annual,99
C0002941,2026-06-17 23:21:30,monthly,12
C0025431,2026-06-17 23:51:05,monthly,12
C0020993,2026-06-18 00:03:38,annual,99
C0018151,2026-06-18 00:09:34,monthly,12
C0011149,2026-06-18 00:26:26,annual,99
C0037084,2026-06-18 00:27:43,annual,99
C0020667,2026-06-18 00:31:13,monthly,12
C0021680,2026-06-18 00:55:48,annual,99
C0014381,2026-06-18 01:10:18,monthly,12
C0002428,2026-06-18 01:20:58,monthly,12
C0029139,2026-06-18 01:30:53,monthly,12
C0024137,2026-06-18 01:47:54,annual,99
C0029066,2026-06-18 01:50:10,annual,99
C0009410,2026-06-18 01:59:56,monthly,12
C0023890,2026-06-18 02:26:29,annual,99
C0033105,2026-06-18 02:38:34,annual,99
C0001394,2026-06-18 03:39:49,annual,99
C0014544,2026-06-18 03:59:26,annual,99
C0031963,2026-06-18 04:07:18,monthly,12
C0019612,2026-06-18 04:11:23,annual,99
C0018306,2026-06-18 04:20:36,annual,99
C0022816,2026-06-18 04:26:49,monthly,12
C0028599,2026-06-18 04:27:29,monthly,12
C0008370,2026-06-18 04:30:00,annual,99
C0003882,2026-06-18 04:30:52,annual,99
C0006214,2026-06-18 05:22:20,annual,99
C0015393,2026-06-18 05:24:57,monthly,12
C0000380,2026-06-18 06:06:33,monthly,12
C0016188,2026-06-18 06:41:44,monthly,12
C0017419,2026-06-18 06:51:57,monthly,12
C0018811,2026-06-18 07:35:45,annual,99
C0004169,2026-06-18 07:48:26,monthly,12
C0002779,2026-06-18 07:50:05,annual,99
C0025223,2026-06-18 07:56:04,annual,99
C0017691,2026-06-18 08:16:57,annual,99
C0036649,2026-06-18 08:36:16,monthly,12
C0027492,2026-06-18 08:51:54,monthly,12
C0016885,2026-06-18 08:52:58,monthly,12
C0006720,2026-06-18 09:01:52,monthly,12
C0018137,2026-06-18 09:56:45,monthly,12
C0011765,2026-06-18 10:24:29,annual,99
C0035636,2026-06-18 11:00:59,annual,99
C0019605,2026-06-18 12:58:43,monthly,12
C0037376,2026-06-18 13:06:27,annual,99
C0035338,2026-06-18 13:35:11,annual,99
C0031819,2026-06-18 13:42:23,annual,99
C0014515,2026-06-18 13:58:44,monthly,12
C0012293,2026-06-18 14:04:53,monthly,12
C0016896,2026-06-18 14:05:05,monthly,12
C0010145,2026-06-18 14:23:34,monthly,12
C0014792,2026-06-18 14:30:33,annual,99
C0020761,2026-06-18 14:45:46,monthly,12
C0035050,2026-06-18 14:54:45,annual,99
C0022871,2026-06-18 14:57:39,annual,99
C0000417,2026-06-18 15:18:44,annual,99
C0036581,2026-06-18 16:12:13,annual,99
C0011972,2026-06-18 16:50:07,monthly,12
C0003952,2026-06-18 18:00:25,monthly,12
C0039606,2026-06-18 19:00:45,annual,99
C0025017,2026-06-18 19:06:45,monthly,12
C0027152,2026-06-18 19:26:51,monthly,12
C0012376,2026-06-18 19:56:33,monthly,12
C0021006,2026-06-18 20:00:03,annual,99
C0020499,2026-06-18 20:44:03,monthly,12
C0000492,2026-06-18 20:54:55,annual,99
C0023729,2026-06-18 22:15:39,annual,99
C0017958,2026-06-18 22:19:08,annual,99
C0005648,2026-06-18 22:48:23,monthly,12
C0014051,2026-06-18 23:36:00,monthly,12
C0003364,2026-06-18 23:43:14,annual,99
C0005237,2026-06-19 00:02:55,annual,99
C0024160,2026-06-19 00:23:55,monthly,12
C0017275,2026-06-19 01:42:34,annual,99
C0027374,2026-06-19 02:11:17,annual,99
C0017865,2026-06-19 02:21:27,annual,99
C0037319,2026-06-19 03:48:39,monthly,12
C0017011,2026-06-19 04:26:20,monthly,12
C0034614,2026-06-19 05:31:11,annual,99
C0019078,2026-06-19 05:35:25,monthly,12
C0033018,2026-06-19 05:51:44,annual,99
C0006311,2026-06-19 05:54:26,monthly,12
C0020815,2026-06-19 06:30:41,annual,99
C0002146,2026-06-19 07:16:39,annual,99
C0017862,2026-06-19 07:50:00,monthly,12
C0027511,2026-06-19 07:52:03,annual,99
C0011528,2026-06-19 08:17:23,monthly,12
C0029579,2026-06-19 08:28:38,annual,99
C0033880,2026-06-19 08:41:15,annual,99
C0015587,2026-06-19 08:48:35,monthly,12
C0025146,2026-06-19 09:00:40,monthly,12
C0006877,2026-06-19 09:14:13,monthly,12
C0028858,2026-06-19 09:39:20,monthly,12
C0025863,2026-06-19 09:39:43,monthly,12
C0008386,2026-06-19 09:40:38,annual,99
C0011324,2026-06-19 09:44:14,monthly,12
C0002292,2026-06-19 11:19:24,monthly,12
C0036501,2026-06-19 11:34:35,monthly,12
C0015526,2026-06-19 12:20:10,monthly,12
C0031332,2026-06-19 12:28:59,annual,99
C0002267,2026-06-19 13:06:42,monthly,12
C0003551,2026-06-19 13:08:38,monthly,12
C0014458,2026-06-19 13:41:51,annual,99
C0021272,2026-06-19 14:06:04,annual,99
C0023624,2026-06-19 14:50:46,monthly,12
C0021046,2026-06-19 15:11:08,annual,99
C0032204,2026-06-19 15:15:31,monthly,12
C0013121,2026-06-19 15:18:19,annual,99
C0020115,2026-06-19 15:48:11,monthly,12
C0035927,2026-06-19 15:52:13,monthly,12
C0010068,2026-06-19 15:59:20,annual,99
C0036709,2026-06-19 16:34:48,annual,99
C0012681,2026-06-19 16:55:54,monthly,12
C0012778,2026-06-19 17:20:57,monthly,12
C0029545,2026-06-19 17:29:09,monthly,12
C0012488,2026-06-19 17:38:30,annual,99
C0003105,2026-06-19 18:58:45,monthly,12
C0015815,2026-06-19 19:02:07,annual,99
C0005276,2026-06-19 19:12:03,annual,99
C0028994,2026-06-19 20:23:19,monthly,12
C0005909,2026-06-19 20:40:56,annual,99
C0036330,2026-06-19 20:56:51,annual,99
C0023511,2026-06-19 21:04:14,annual,99
C0020925,2026-06-19 21:05:08,annual,99
C0000363,2026-06-19 21:55:11,annual,99
C0023882,2026-06-19 21:57:22,monthly,12
C0021450,2026-06-19 22:10:57,annual,99
C0015883,2026-06-19 22:23:31,annual,99
C0000395,2026-06-19 22:31:19,monthly,12
C0008403,2026-06-19 22:39:36,monthly,12
C0010407,2026-06-19 22:57:28,monthly,12
C0029168,2026-06-19 23:25:11,annual,99
C0007967,2026-06-19 23:39:19,annual,99
C0026334,2026-06-19 23:53:39,monthly,12
C0020820,2026-06-19 23:55:29,annual,99
C0019756,2026-06-19 23:58:30,annual,99
C0033141,2026-06-20 00:42:58,annual,99
C0019462,2026-06-20 01:13:29,monthly,12
C0024868,2026-06-20 01:28:12,annual,99
C0028051,2026-06-20 01:28:55,annual,99
C0023653,2026-06-20 01:52:20,monthly,12
C0011189,2026-06-20 02:14:29,annual,99
C0033684,2026-06-20 02:20:29,annual,99
C0026091,2026-06-20 02:29:54,annual,99
C0020494,2026-06-20 02:36:27,monthly,12
C0033835,2026-06-20 02:43:12,annual,99
C0038343,2026-06-20 02:49:22,monthly,12
C0021908,2026-06-20 03:15:59,annual,99
C0015158,2026-06-20 03:30:04,monthly,12
C0037950,2026-06-20 03:30:10,monthly,12
C0027451,2026-06-20 03:30:31,monthly,12
C0034815,2026-06-20 03:38:11,annual,99
C0001024,2026-06-20 04:21:20,annual,99
C0016054,2026-06-20 04:29:25,monthly,12
C0029630,2026-06-20 04:31:33,monthly,12
C0001125,2026-06-20 05:02:49,monthly,12
C0036186,2026-06-20 05:36:45,annual,99
C0027986,2026-06-20 05:45:04,monthly,12
C0001780,2026-06-20 06:10:44,annual,99
C0011120,2026-06-20 06:10:51,monthly,12
C0038789,2026-06-20 06:14:22,annual,99
C0010295,2026-06-20 06:28:03,annual,99
C0005392,2026-06-20 06:30:06,monthly,12
C0019902,2026-06-20 07:03:19,monthly,12
C0032008,2026-06-20 07:40:25,monthly,12
C0011652,2026-06-20 07:54:04,monthly,12
C0005213,2026-06-20 08:18:45,monthly,12
C0009527,2026-06-20 08:24:28,annual,99
C0014419,2026-06-20 08:49:12,monthly,12
C0009096,2026-06-20 09:02:59,monthly,12
C0039688,2026-06-20 09:05:18,annual,99
C0024560,2026-06-20 09:35:57,monthly,12
C0023007,2026-06-20 09:38:10,annual,99
C0030466,2026-06-20 09:49:31,annual,99
C0038811,2026-06-20 09:50:40,monthly,12
C0036432,2026-06-20 10:24:52,monthly,12
C0025629,2026-06-20 10:29:33,monthly,12
C0006207,2026-06-20 11:02:48,annual,99
C0004083,2026-06-20 11:40:48,annual,99
C0012452,2026-06-20 12:35:08,annual,99
C0017034,2026-06-20 12:55:25,monthly,12
C0033078,2026-06-20 13:03:03,annual,99
C0032060,2026-06-20 13:08:05,monthly,12
C0036743,2026-06-20 13:22:06,monthly,12
C0033423,2026-06-20 13:29:21,monthly,12
C0021618,2026-06-20 13:43:31,monthly,12
C0037281,2026-06-20 14:42:56,annual,99
C0030187,2026-06-20 14:46:55,monthly,12
C0012646,2026-06-20 14:54:30,monthly,12
C0032023,2026-06-20 15:29:02,monthly,12
C0007264,2026-06-20 15:30:43,monthly,12
C0029807,2026-06-20 16:23:20,annual,99
C0003959,2026-06-20 16:51:18,monthly,12
C0000900,2026-06-20 17:01:06,monthly,12
C0029195,2026-06-20 17:21:55,annual,99
C0000288,2026-06-20 17:35:43,monthly,12
C0009927,2026-06-20 19:07:11,monthly,12
C0032159,2026-06-20 19:29:51,monthly,12
C0019761,2026-06-20 20:51:36,monthly,12
C0012565,2026-06-20 20:56:46,annual,99
C0021196,2026-06-20 22:02:48,monthly,12
C0009988,2026-06-20 22:29:13,annual,99
C0031226,2026-06-20 22:49:59,annual,99
C0035951,2026-06-20 23:08:55,annual,99
C0005781,2026-06-20 23:38:12,annual,99
C0036348,2026-06-21 00:19:13,annual,99
C0014261,2026-06-21 01:18:54,monthly,12
C0025495,2026-06-21 01:24:41,annual,99
C0022623,2026-06-21 01:45:20,annual,99
C0027397,2026-06-21 02:37:41,annual,99
C0036244,2026-06-21 02:49:01,monthly,12
C0031060,2026-06-21 03:14:29,monthly,12
C0016525,2026-06-21 03:24:00,annual,99
C0001561,2026-06-21 03:47:14,annual,99
C0034518,2026-06-21 03:58:21,annual,99
C0015472,2026-06-21 04:54:47,monthly,12
C0002996,2026-06-21 04:58:00,monthly,12
C0038930,2026-06-21 05:04:46,annual,99
C0026186,2026-06-21 05:18:13,annual,99
C0011598,2026-06-21 05:33:21,monthly,12
C0009616,2026-06-21 06:00:08,monthly,12
C0001322,2026-06-21 06:17:14,monthly,12
C0008796,2026-06-21 06:51:52,annual,99
C0000095,2026-06-21 07:19:35,annual,99
C0017731,2026-06-21 08:24:26,monthly,12
C0027654,2026-06-21 09:00:33,annual,99
C0013621,2026-06-21 09:27:33,monthly,12
C0034691,2026-06-21 09:28:16,monthly,12
C0006884,2026-06-21 09:47:23,annual,99
C0008113,2026-06-21 09:50:23,monthly,12
C0012851,2026-06-21 10:24:15,annual,99
C0023535,2026-06-21 10:30:54,annual,99
C0024415,2026-06-21 10:38:15,annual,99
C0023698,2026-06-21 10:54:44,annual,99
C0027799,2026-06-21 11:39:07,monthly,12
C0002300,2026-06-21 12:36:47,monthly,12
C0031577,2026-06-21 13:32:33,annual,99
C0015098,2026-06-21 13:41:47,monthly,12
C0000147,2026-06-21 13:52:29,monthly,12
C0014986,2026-06-21 14:14:08,monthly,12
C0038875,2026-06-21 14:21:42,annual,99
C0021973,2026-06-21 14:58:40,monthly,12
C0019813,2026-06-21 15:04:25,monthly,12
C0028034,2026-06-21 15:05:02,monthly,12
C0000935,2026-06-21 15:22:08,monthly,12
C0008240,2026-06-21 15:30:08,annual,99
C0021813,2026-06-21 15:53:55,monthly,12
C0035838,2026-06-21 16:03:32,monthly,12
C0001064,2026-06-21 16:31:55,monthly,12
C0011979,2026-06-21 16:48:11,monthly,12
C0029142,2026-06-21 18:05:24,annual,99
C0026537,2026-06-21 18:09:22,annual,99
C0003582,2026-06-21 20:15:19,monthly,12
C0018296,2026-06-21 20:27:40,annual,99
C0022431,2026-06-21 20:31:35,annual,99
C0034776,2026-06-21 21:16:53,annual,99
C0001389,2026-06-21 21:17:46,monthly,12
C0029670,2026-06-21 21:52:16,monthly,12
C0021133,2026-06-21 22:02:51,monthly,12
C0032842,2026-06-21 22:06:07,annual,99
C0027681,2026-06-21 22:12:22,annual,99
C0008410,2026-06-21 22:29:53,monthly,12
C0015497,2026-06-21 22:39:06,annual,99
C0025248,2026-06-21 22:53:32,annual,99
C0036790,2026-06-21 23:02:12,annual,99
C0005999,2026-06-21 23:11:17,monthly,12
C0029290,2026-06-21 23:51:45,monthly,12
C0000534,2026-06-21 23:55:01,monthly,12
C0028418,2026-06-21 23:57:17,annual,99
C0024930,2026-06-21 23:58:48,annual,99
C0022430,2026-06-22 01:06:40,monthly,12
C0006293,2026-06-22 01:38:44,annual,99
C0014145,2026-06-22 01:38:51,monthly,12
C0038787,2026-06-22 02:22:08,monthly,12
C0012626,2026-06-22 02:23:29,annual,99
C0025501,2026-06-22 02:49:05,monthly,12
C0011366,2026-06-22 02:57:49,annual,99
C0030818,2026-06-22 02:57:56,monthly,12
C0030838,2026-06-22 03:04:17,monthly,12
C0018512,2026-06-22 03:08:22,annual,99
C0020691,2026-06-22 03:35:21,annual,99
C0012762,2026-06-22 04:10:33,annual,99
C0037199,2026-06-22 04:17:55,annual,99
C0009663,2026-06-22 04:24:56,annual,99
C0026522,2026-06-22 04:37:13,monthly,12
C0025827,2026-06-22 05:18:09,monthly,12
C0021187,2026-06-22 05:20:23,monthly,12
C0012846,2026-06-22 05:45:55,annual,99
C0006588,2026-06-22 05:50:07,monthly,12
C0036707,2026-06-22 05:54:18,monthly,12
C0021945,2026-06-22 06:05:16,monthly,12
C0001857,2026-06-22 06:05:37,annual,99
C0000040,2026-06-22 06:45:53,monthly,12
C0034685,2026-06-22 07:04:37,monthly,12
C0008853,2026-06-22 07:28:44,monthly,12
C0031200,2026-06-22 07:42:15,annual,99
C0010699,2026-06-22 09:02:40,annual,99
C0019184,2026-06-22 09:16:33,monthly,12
C0004200,2026-06-22 09:29:10,monthly,12
C0029527,2026-06-22 09:41:16,monthly,12
C0004092,2026-06-22 09:56:46,monthly,12
C0007957,2026-06-22 10:07:43,annual,99
C0025690,2026-06-22 10:27:59,monthly,12
C0015356,2026-06-22 10:39:50,monthly,12
C0013836,2026-06-22 10:55:14,monthly,12
C0036234,2026-06-22 10:59:37,annual,99
C0039928,2026-06-22 11:00:37,annual,99
C0014231,2026-06-22 11:01:49,monthly,12
C0013889,2026-06-22 11:10:22,monthly,12
C0034156,2026-06-22 11:43:00,monthly,12
C0035822,2026-06-22 12:25:33,monthly,12
C0006975,2026-06-22 12:33:04,monthly,12
C0011128,2026-06-22 13:12:18,annual,99
C0006489,2026-06-22 14:41:54,monthly,12
C0018143,2026-06-22 14:55:32,annual,99
C0012980,2026-06-22 15:03:10,annual,99
C0021067,2026-06-22 15:14:40,monthly,12
C0006216,2026-06-22 15:35:00,annual,99
C0005477,2026-06-22 15:58:07,monthly,12
C0007960,2026-06-22 16:23:42,monthly,12
C0004398,2026-06-22 16:26:50,annual,99
C0033499,2026-06-22 17:21:52,annual,99
C0039230,2026-06-22 17:22:02,monthly,12
C0015270,2026-06-22 17:33:15,monthly,12
C0012616,2026-06-22 17:44:31,annual,99
C0005834,2026-06-22 17:45:22,annual,99
C0039918,2026-06-22 18:23:29,monthly,12
C0004990,2026-06-22 19:31:27,annual,99
C0008121,2026-06-22 19:37:00,monthly,12
C0019989,2026-06-22 20:10:50,annual,99
C0035238,2026-06-22 20:22:08,monthly,12
C0006471,2026-06-22 20:42:36,annual,99
C0012064,2026-06-22 20:46:52,annual,99
C0039598,2026-06-22 20:53:23,annual,99
C0037803,2026-06-22 21:17:59,annual,99
C0014331,2026-06-22 21:20:12,annual,99
C0008559,2026-06-22 21:58:13,annual,99
C0029049,2026-06-22 22:41:38,annual,99
C0038615,2026-06-22 23:10:20,monthly,12
C0013811,2026-06-23 00:00:03,monthly,12
C0002931,2026-06-23 00:17:37,monthly,12
C0039820,2026-06-23 00:50:49,annual,99
C0012328,2026-06-23 00:52:23,monthly,12
C0028502,2026-06-23 00:55:52,monthly,12
C0028401,2026-06-23 01:08:19,annual,99
C0039308,2026-06-23 01:17:40,monthly,12
C0029257,2026-06-23 01:37:57,monthly,12
C0027735,2026-06-23 01:42:22,annual,99
C0017956,2026-06-23 01:54:25,monthly,12
C0020045,2026-06-23 02:07:37,monthly,12
C0032092,2026-06-23 02:20:07,monthly,12
C0022970,2026-06-23 02:35:49,monthly,12
C0023657,2026-06-23 02:58:15,annual,99
C0032855,2026-06-23 03:23:49,annual,99
C0033572,2026-06-23 03:29:09,annual,99
C0006496,2026-06-23 03:40:12,annual,99
C0019512,2026-06-23 03:40:31,annual,99
C0030301,2026-06-23 04:25:39,annual,99
C0039196,2026-06-23 04:34:49,annual,99
C0021459,2026-06-23 04:38:05,annual,99
C0039972,2026-06-23 04:38:41,monthly,12
C0038664,2026-06-23 05:09:59,annual,99
C0021329,2026-06-23 05:21:09,monthly,12
C0024941,2026-06-23 05:27:23,monthly,12
C0002678,2026-06-23 05:35:42,annual,99
C0016516,2026-06-23 06:03:23,annual,99
C0018979,2026-06-23 06:05:19,monthly,12
C0004289,2026-06-23 06:26:16,monthly,12
C0012703,2026-06-23 06:30:24,annual,99
C0028242,2026-06-23 06:34:01,annual,99
C0020285,2026-06-23 06:49:42,monthly,12
C0016911,2026-06-23 06:58:22,annual,99
C0006463,2026-06-23 07:10:56,monthly,12
C0011546,2026-06-23 07:24:55,annual,99
C0014131,2026-06-23 07:25:31,annual,99
C0030235,2026-06-23 08:03:45,annual,99
C0027037,2026-06-23 08:23:19,monthly,12
C0014003,2026-06-23 08:29:20,monthly,12
C0010112,2026-06-23 09:08:48,monthly,12
C0018331,2026-06-23 09:28:39,annual,99
C0017192,2026-06-23 09:32:56,monthly,12
C0021581,2026-06-23 09:53:38,monthly,12
C0017935,2026-06-23 10:03:38,annual,99
C0011281,2026-06-23 10:28:56,annual,99
C0030547,2026-06-23 10:57:32,annual,99
C0031644,2026-06-23 11:26:24,monthly,12
C0028524,2026-06-23 11:34:07,annual,99
C0037920,2026-06-23 12:43:17,annual,99
C0025254,2026-06-23 13:18:17,annual,99
C0039266,2026-06-23 13:39:59,monthly,12
C0009067,2026-06-23 13:44:55,annual,99
C0029036,2026-06-23 13:54:14,monthly,12
C0020939,2026-06-23 13:58:30,annual,99
C0019196,2026-06-23 15:18:57,annual,99
C0017105,2026-06-23 15:29:04,monthly,12
C0012322,2026-06-23 15:30:42,annual,99
C0038525,2026-06-23 16:11:57,monthly,12
C0013795,2026-06-23 17:13:39,annual,99
C0018624,2026-06-23 18:14:32,monthly,12
C0037055,2026-06-23 19:03:54,monthly,12
C0022942,2026-06-23 19:07:52,annual,99
C0002684,2026-06-23 19:32:05,monthly,12
C0018987,2026-06-23 20:08:27,annual,99
C0029410,2026-06-23 20:16:23,annual,99
C0031848,2026-06-23 20:34:41,monthly,12
C0036955,2026-06-23 21:35:36,monthly,12
C0001437,2026-06-23 22:21:57,annual,99
C0032400,2026-06-23 22:25:54,annual,99
C0032616,2026-06-23 23:07:06,annual,99
C0018396,2026-06-23 23:43:38,annual,99
C0001634,2026-06-23 23:56:25,annual,99
C0014374,2026-06-24 00:43:04,monthly,12
C0038781,2026-06-24 01:17:33,monthly,12
C0028470,2026-06-24 01:27:27,annual,99
C0021752,2026-06-24 01:28:28,monthly,12
C0004292,2026-06-24 01:48:37,monthly,12
C0011308,2026-06-24 01:51:58,monthly,12
C0004638,2026-06-24 02:01:26,monthly,12
C0037631,2026-06-24 02:41:20,annual,99
C0022802,2026-06-24 03:08:21,annual,99
C0037096,2026-06-24 03:16:53,monthly,12
C0016248,2026-06-24 03:21:56,annual,99
C0026863,2026-06-24 03:28:50,monthly,12
C0032327,2026-06-24 03:35:44,annual,99
C0038344,2026-06-24 04:10:19,monthly,12
C0026131,2026-06-24 04:13:50,monthly,12
C0015821,2026-06-24 04:28:04,annual,99
C0006103,2026-06-24 04:31:01,monthly,12
C0021296,2026-06-24 04:32:07,annual,99
C0037843,2026-06-24 04:41:16,monthly,12
C0039044,2026-06-24 04:45:07,monthly,12
C0029605,2026-06-24 04:56:13,annual,99
C0002416,2026-06-24 05:05:56,annual,99
C0003937,2026-06-24 05:24:49,annual,99
C0028009,2026-06-24 06:06:10,monthly,12
C0035693,2026-06-24 06:08:14,monthly,12
C0023866,2026-06-24 07:25:17,annual,99
C0012217,2026-06-24 07:41:00,monthly,12
C0007485,2026-06-24 07:53:52,annual,99
C0029634,2026-06-24 08:04:27,monthly,12
C0012493,2026-06-24 08:05:09,monthly,12
C0021751,2026-06-24 08:45:01,annual,99
C0011932,2026-06-24 08:46:07,monthly,12
C0000877,2026-06-24 09:21:28,annual,99
C0018540,2026-06-24 09:30:17,annual,99
C0035471,2026-06-24 09:43:29,annual,99
C0030564,2026-06-24 09:46:18,monthly,12
C0015120,2026-06-24 10:43:06,monthly,12
C0012662,2026-06-24 11:12:33,monthly,12
C0010866,2026-06-24 11:13:24,annual,99
C0036294,2026-06-24 11:13:54,monthly,12
C0006340,2026-06-24 11:18:42,monthly,12
C0009465,2026-06-24 11:58:28,monthly,12
C0026402,2026-06-24 12:06:50,annual,99
C0022741,2026-06-24 12:17:32,monthly,12
C0019990,2026-06-24 13:04:31,monthly,12
C0024653,2026-06-24 14:00:19,monthly,12
C0029590,2026-06-24 14:19:52,annual,99
C0025318,2026-06-24 14:29:04,annual,99
C0032386,2026-06-24 14:45:46,monthly,12
C0032294,2026-06-24 15:01:30,monthly,12
C0022790,2026-06-24 15:22:35,monthly,12
C0034449,2026-06-24 15:52:15,annual,99
C0006659,2026-06-24 16:05:35,annual,99
C0022068,2026-06-24 16:32:12,monthly,12
C0039803,2026-06-24 16:46:45,monthly,12
C0024167,2026-06-24 16:58:21,annual,99
C0028135,2026-06-24 16:59:41,monthly,12
C0025474,2026-06-24 17:12:03,monthly,12
C0022740,2026-06-24 17:49:01,annual,99
C0016998,2026-06-24 17:52:20,monthly,12
C0000025,2026-06-24 17:55:28,annual,99
C0038164,2026-06-24 17:56:47,annual,99
C0016055,2026-06-24 18:35:48,monthly,12
C0034934,2026-06-24 18:37:21,monthly,12
C0013604,2026-06-24 18:44:46,monthly,12
C0015436,2026-06-24 19:23:29,annual,99
C0029842,2026-06-24 20:18:19,annual,99
C0030620,2026-06-24 20:26:04,monthly,12
C0008854,2026-06-24 20:54:29,annual,99
C0037124,2026-06-24 20:58:18,monthly,12
C0007154,2026-06-24 20:59:34,monthly,12
C0023829,2026-06-24 21:26:12,monthly,12
C0010588,2026-06-24 21:44:28,annual,99
C0017825,2026-06-24 21:51:54,monthly,12
C0002415,2026-06-24 21:58:47,monthly,12
C0014238,2026-06-24 22:13:35,monthly,12
C0039585,2026-06-24 22:45:00,annual,99
C0038304,2026-06-24 23:01:17,annual,99
C0033618,2026-06-24 23:12:43,annual,99
C0010390,2026-06-24 23:38:19,monthly,12
C0034716,2026-06-24 23:42:37,monthly,12
C0000410,2026-06-24 23:55:06,annual,99
C0024914,2026-06-24 23:59:37,monthly,12
C0027845,2026-06-25 00:08:58,monthly,12
C0005177,2026-06-25 01:49:51,annual,99
C0020964,2026-06-25 02:06:08,monthly,12
C0032559,2026-06-25 03:06:59,monthly,12
C0039747,2026-06-25 03:40:01,monthly,12
C0015944,2026-06-25 03:48:28,monthly,12
C0008886,2026-06-25 03:57:40,annual,99
C0018020,2026-06-25 04:18:30,annual,99
C0035663,2026-06-25 04:38:09,monthly,12
C0039481,2026-06-25 04:39:28,monthly,12
C0014802,2026-06-25 04:58:49,annual,99
C0037485,2026-06-25 05:19:07,monthly,12
C0001188,2026-06-25 05:30:04,annual,99
C0030258,2026-06-25 05:44:27,annual,99
C0037165,2026-06-25 05:49:38,monthly,12
C0007189,2026-06-25 05:57:00,annual,99
C0028490,2026-06-25 06:02:05,monthly,12
C0019521,2026-06-25 06:20:07,monthly,12
C0029711,2026-06-25 06:33:48,annual,99
C0011830,2026-06-25 06:43:45,annual,99
C0009839,2026-06-25 06:59:22,annual,99
C0001008,2026-06-25 07:07:19,monthly,12
C0004026,2026-06-25 07:11:20,monthly,12
C0008505,2026-06-25 07:11:58,monthly,12
C0033026,2026-06-25 07:14:24,monthly,12
C0019322,2026-06-25 07:27:29,annual,99
C0032752,2026-06-25 07:29:37,monthly,12
C0007017,2026-06-25 07:44:24,annual,99
C0036682,2026-06-25 08:28:29,annual,99
C0024507,2026-06-25 09:02:15,monthly,12
C0035868,2026-06-25 09:06:23,annual,99
C0006127,2026-06-25 09:43:59,annual,99
C0037125,2026-06-25 10:00:02,annual,99
C0037764,2026-06-25 10:07:15,monthly,12
C0020768,2026-06-25 10:22:12,monthly,12
C0013324,2026-06-25 10:29:40,annual,99
C0037044,2026-06-25 10:48:10,annual,99
C0007639,2026-06-25 11:18:58,annual,99
C0024138,2026-06-25 11:32:31,annual,99
C0002552,2026-06-25 12:01:23,annual,99
C0008711,2026-06-25 12:17:23,monthly,12
C0020373,2026-06-25 12:52:43,annual,99
C0023393,2026-06-25 12:55:04,annual,99
C0031248,2026-06-25 13:11:12,monthly,12
C0006336,2026-06-25 14:14:36,annual,99
C0037537,2026-06-25 14:18:18,annual,99
C0026966,2026-06-25 14:48:41,annual,99
C0010188,2026-06-25 15:06:31,monthly,12
C0004804,2026-06-25 15:30:54,annual,99
C0020224,2026-06-25 16:19:27,monthly,12
C0027680,2026-06-25 16:39:50,annual,99
C0033726,2026-06-25 16:41:12,monthly,12
C0006286,2026-06-25 16:50:45,monthly,12
C0008829,2026-06-25 16:52:37,annual,99
C0029164,2026-06-25 17:03:11,monthly,12
C0024426,2026-06-25 17:29:36,monthly,12
C0032494,2026-06-25 18:08:06,annual,99
C0018167,2026-06-25 18:47:57,monthly,12
C0018588,2026-06-25 18:58:22,monthly,12
C0002094,2026-06-25 19:04:52,annual,99
C0001960,2026-06-25 19:38:22,annual,99
C0023958,2026-06-25 19:49:11,monthly,12
C0013480,2026-06-25 19:56:14,annual,99
C0018779,2026-06-25 19:59:42,annual,99
C0030642,2026-06-25 20:02:28,monthly,12
C0000670,2026-06-25 20:16:03,annual,99
C0001292,2026-06-25 20:46:13,annual,99
C0038432,2026-06-25 21:09:46,monthly,12
C0028573,2026-06-25 21:11:24,annual,99
C0027651,2026-06-25 21:46:01,annual,99
C0015319,2026-06-25 22:00:01,annual,99
C0039376,2026-06-25 22:01:05,annual,99
C0011959,2026-06-25 22:18:23,annual,99
C0035039,2026-06-25 22:31:17,monthly,12
C0011157,2026-06-25 22:36:58,monthly,12
C0034337,2026-06-25 22:42:37,annual,99
C0012399,2026-06-25 22:59:35,annual,99
C0005009,2026-06-25 23:10:24,annual,99
C0012218,2026-06-25 23:24:04,annual,99
C0036284,2026-06-25 23:42:07,monthly,12
C0039736,2026-06-26 00:05:23,annual,99
C0003177,2026-06-26 00:13:53,annual,99
C0024737,2026-06-26 00:18:42,monthly,12
C0009349,2026-06-26 00:23:04,annual,99
C0037550,2026-06-26 00:25:19,monthly,12
C0001971,2026-06-26 00:47:09,monthly,12
C0015756,2026-06-26 01:19:43,monthly,12
C0016646,2026-06-26 01:22:10,annual,99
C0035546,2026-06-26 01:31:34,annual,99
C0009656,2026-06-26 01:32:21,annual,99
C0030751,2026-06-26 01:54:53,monthly,12
C0031964,2026-06-26 02:14:18,monthly,12
C0039751,2026-06-26 02:39:18,monthly,12
C0009286,2026-06-26 02:40:10,annual,99
C0014497,2026-06-26 02:42:31,annual,99
C0037349,2026-06-26 02:52:57,monthly,12
C0022520,2026-06-26 03:33:57,annual,99
C0027900,2026-06-26 03:35:38,monthly,12
C0029609,2026-06-26 04:52:42,monthly,12
C0019949,2026-06-26 05:02:46,annual,99
C0013256,2026-06-26 05:04:54,annual,99
C0007871,2026-06-26 05:24:49,annual,99
C0033040,2026-06-26 05:30:26,annual,99
C0008536,2026-06-26 05:45:11,monthly,12
C0014127,2026-06-26 06:37:59,annual,99
C0014255,2026-06-26 07:11:40,annual,99
C0021160,2026-06-26 07:12:30,annual,99
C0008105,2026-06-26 07:50:46,annual,99
C0006598,2026-06-26 07:54:31,annual,99
C0007930,2026-06-26 08:31:34,monthly,12
C0009986,2026-06-26 08:49:28,monthly,12
C0031359,2026-06-26 09:04:58,annual,99
C0033919,2026-06-26 09:32:49,annual,99
C0036998,2026-06-26 09:43:12,annual,99
C0002835,2026-06-26 09:57:54,monthly,12
C0023374,2026-06-26 10:30:37,monthly,12
C0012928,2026-06-26 11:05:16,annual,99
C0029303,2026-06-26 12:43:48,annual,99
C0039128,2026-06-26 12:48:30,monthly,12
C0000016,2026-06-26 12:54:22,monthly,12
C0001932,2026-06-26 12:57:09,monthly,12
C0019152,2026-06-26 13:03:29,monthly,12
C0038925,2026-06-26 13:48:21,annual,99
C0015186,2026-06-26 13:54:34,monthly,12
C0033023,2026-06-26 14:00:07,annual,99
C0011774,2026-06-26 14:24:36,monthly,12
C0017993,2026-06-26 14:28:59,annual,99
C0004444,2026-06-26 15:25:37,monthly,12
C0000842,2026-06-26 15:43:45,monthly,12
C0016036,2026-06-26 15:56:42,monthly,12
C0003749,2026-06-26 15:58:13,annual,99
C0029876,2026-06-26 16:04:35,monthly,12
C0021506,2026-06-26 17:12:37,monthly,12
C0028499,2026-06-26 17:40:37,monthly,12
C0031433,2026-06-26 17:41:35,monthly,12
C0030197,2026-06-26 17:45:19,annual,99
C0032610,2026-06-26 18:13:56,monthly,12
C0015075,2026-06-26 18:32:46,monthly,12
C0012634,2026-06-26 18:40:53,monthly,12
C0019285,2026-06-26 18:41:26,annual,99
C0036957,2026-06-26 18:55:11,annual,99
C0009241,2026-06-26 19:05:58,annual,99
C0027288,2026-06-26 19:58:05,monthly,12
C0036992,2026-06-26 20:01:17,monthly,12
C0005300,2026-06-26 20:50:43,monthly,12
C0005053,2026-06-26 20:57:35,annual,99
C0012355,2026-06-26 21:03:01,monthly,12
C0015081,2026-06-26 21:06:40,annual,99
C0037554,2026-06-26 22:03:27,annual,99
C0013044,2026-06-26 23:21:46,monthly,12
C0007234,2026-06-27 00:49:47,monthly,12
C0035613,2026-06-27 00:56:33,annual,99
C0029340,2026-06-27 01:37:57,monthly,12
C0004923,2026-06-27 02:15:22,annual,99
C0014186,2026-06-27 02:41:10,annual,99
C0018719,2026-06-27 02:48:50,monthly,12
C0029344,2026-06-27 03:32:53,annual,99
C0021189,2026-06-27 03:35:21,monthly,12
C0009874,2026-06-27 03:46:30,monthly,12
C0026126,2026-06-27 03:48:28,monthly,12
C0024162,2026-06-27 04:04:06,annual,99
C0000673,2026-06-27 04:21:55,monthly,12
C0015104,2026-06-27 04:24:09,annual,99
C0036152,2026-06-27 04:33:40,annual,99
C0001386,2026-06-27 05:02:33,monthly,12
C0005380,2026-06-27 05:06:56,annual,99
C0034445,2026-06-27 05:12:45,annual,99
C0002863,2026-06-27 05:15:32,monthly,12
C0000736,2026-06-27 05:16:31,annual,99
C0012047,2026-06-27 05:17:28,annual,99
C0018869,2026-06-27 05:56:55,annual,99
C0004510,2026-06-27 06:17:51,annual,99
C0037676,2026-06-27 07:02:18,annual,99
C0024730,2026-06-27 07:03:58,annual,99
C0025337,2026-06-27 07:14:04,annual,99
C0004095,2026-06-27 07:26:57,annual,99
C0001333,2026-06-27 07:28:56,monthly,12
C0021273,2026-06-27 07:53:32,annual,99
C0019021,2026-06-27 07:53:50,annual,99
C0017669,2026-06-27 08:03:38,monthly,12
C0034440,2026-06-27 08:09:08,monthly,12
C0001667,2026-06-27 08:16:22,monthly,12
C0003659,2026-06-27 08:25:55,monthly,12
C0005518,2026-06-27 08:42:22,annual,99
C0022875,2026-06-27 09:01:43,monthly,12
C0017928,2026-06-27 09:22:05,annual,99
C0031222,2026-06-27 09:28:16,annual,99
C0035124,2026-06-27 09:32:42,annual,99
C0015824,2026-06-27 09:58:21,monthly,12
C0036907,2026-06-27 10:35:05,monthly,12
C0004238,2026-06-27 10:36:55,monthly,12
C0016172,2026-06-27 11:00:21,monthly,12
C0008945,2026-06-27 11:31:14,annual,99
C0036109,2026-06-27 12:11:21,annual,99
C0008217,2026-06-27 12:11:27,monthly,12
C0016905,2026-06-27 12:51:02,monthly,12
C0009144,2026-06-27 13:57:17,monthly,12
C0038016,2026-06-27 13:59:23,annual,99
C0017024,2026-06-27 14:43:14,monthly,12
C0016935,2026-06-27 14:55:56,annual,99
C0029873,2026-06-27 15:17:58,monthly,12
C0020857,2026-06-27 15:18:37,annual,99
C0023752,2026-06-27 15:47:10,monthly,12
C0039420,2026-06-27 16:17:01,monthly,12
C0016037,2026-06-27 16:24:11,monthly,12
C0026885,2026-06-27 16:36:12,annual,99
C0029471,2026-06-27 16:57:26,annual,99
C0005330,2026-06-27 17:45:32,monthly,12
C0011217,2026-06-27 18:56:21,monthly,12
C0010463,2026-06-27 19:24:02,annual,99
C0022446,2026-06-27 19:41:12,annual,99
C0030928,2026-06-27 20:02:50,monthly,12
C0000387,2026-06-27 20:10:08,annual,99
C0039710,2026-06-27 20:16:14,monthly,12
C0002712,2026-06-27 20:33:26,annual,99
C0030850,2026-06-27 21:01:43,annual,99
C0030433,2026-06-27 21:15:02,annual,99
C0011961,2026-06-27 22:03:00,monthly,12
C0034798,2026-06-27 22:12:37,annual,99
C0014981,2026-06-27 22:18:22,annual,99
C0033561,2026-06-27 22:38:03,annual,99
C0031284,2026-06-27 22:39:34,annual,99
C0007470,2026-06-27 22:39:39,monthly,12
C0036837,2026-06-27 22:52:51,monthly,12
C0004935,2026-06-27 23:22:53,monthly,12
C0002926,2026-06-27 23:35:57,monthly,12
C0033110,2026-06-28 00:17:48,annual,99
C0038972,2026-06-28 00:18:41,annual,99
C0007029,2026-06-28 00:46:56,monthly,12
C0024223,2026-06-28 01:30:46,monthly,12
C0000442,2026-06-28 01:50:29,monthly,12
C0035204,2026-06-28 02:09:30,annual,99
C0016163,2026-06-28 02:10:00,monthly,12
C0032138,2026-06-28 02:28:10,annual,99
C0008379,2026-06-28 02:48:06,monthly,12
C0024066,2026-06-28 03:01:31,monthly,12
C0014246,2026-06-28 03:13:10,monthly,12
C0003866,2026-06-28 04:10:04,annual,99
C0035950,2026-06-28 05:04:26,annual,99
C0036605,2026-06-28 05:10:34,monthly,12
C0032404,2026-06-28 05:26:45,monthly,12
C0014919,2026-06-28 05:40:33,annual,99
C0028438,2026-06-28 05:51:11,annual,99
C0008864,2026-06-28 05:57:40,annual,99
C0013984,2026-06-28 06:29:50,annual,99
C0020423,2026-06-28 06:29:57,monthly,12
C0008211,2026-06-28 07:06:56,monthly,12
C0029957,2026-06-28 07:30:02,annual,99
C0025978,2026-06-28 07:40:30,monthly,12
C0029356,2026-06-28 07:41:14,annual,99
C0014399,2026-06-28 07:58:38,monthly,12
C0011963,2026-06-28 08:18:34,monthly,12
C0009458,2026-06-28 08:48:22,monthly,12
C0025936,2026-06-28 08:49:15,annual,99
C0025090,2026-06-28 09:30:05,monthly,12
C0025030,2026-06-28 11:10:29,monthly,12
C0004887,2026-06-28 12:26:44,monthly,12
C0028163,2026-06-28 12:36:00,annual,99
C0028394,2026-06-28 12:53:08,monthly,12
C0033947,2026-06-28 13:05:40,annual,99
C0035366,2026-06-28 13:12:54,annual,99
C0011659,2026-06-28 13:36:46,annual,99
C0017923,2026-06-28 14:17:20,annual,99
C0007053,2026-06-28 14:38:15,annual,99
C0016555,2026-06-28 15:06:17,monthly,12
C0009104,2026-06-28 15:10:13,monthly,12
C0035460,2026-06-28 15:19:50,annual,99
C0008076,2026-06-28 16:09:00,annual,99
C0010121,2026-06-28 16:20:31,annual,99
C0009024,2026-06-28 17:02:50,annual,99
C0000762,2026-06-28 17:08:45,monthly,12
C0038034,2026-06-28 17:40:16,monthly,12
C0022884,2026-06-28 17:40:33,monthly,12
C0027268,2026-06-28 17:44:40,annual,99
C0030116,2026-06-28 17:45:40,monthly,12
C0023684,2026-06-28 18:01:26,annual,99
C0011450,2026-06-28 18:19:17,annual,99
C0021168,2026-06-28 18:40:57,annual,99
C0022222,2026-06-28 18:49:59,annual,99
C0018093,2026-06-28 19:33:28,monthly,12
C0034001,2026-06-28 19:46:58,monthly,12
C0030537,2026-06-28 19:50:04,monthly,12
C0030487,2026-06-28 20:12:58,monthly,12
C0037489,2026-06-28 21:10:07,annual,99
C0028839,2026-06-28 21:31:19,annual,99
C0035692,2026-06-28 22:14:30,monthly,12
C0030769,2026-06-28 22:27:32,monthly,12
C0020433,2026-06-28 22:41:49,annual,99
C0016827,2026-06-28 22:48:29,monthly,12
C0036017,2026-06-28 23:25:56,annual,99
C0034244,2026-06-28 23:55:52,annual,99
C0001578,2026-06-29 00:28:51,annual,99
C0015511,2026-06-29 00:40:32,annual,99
C0003142,2026-06-29 01:03:42,annual,99
C0025296,2026-06-29 01:15:11,annual,99
C0003755,2026-06-29 01:19:40,annual,99
C0032293,2026-06-29 01:25:16,monthly,12
C0031370,2026-06-29 02:22:41,monthly,12
C0005730,2026-06-29 02:45:54,annual,99
C0039356,2026-06-29 03:32:25,annual,99
C0003539,2026-06-29 04:44:44,annual,99
C0001102,2026-06-29 05:40:20,monthly,12
C0025008,2026-06-29 05:49:30,annual,99
C0028037,2026-06-29 06:36:26,annual,99
C0037131,2026-06-29 07:26:27,monthly,12
C0037665,2026-06-29 07:26:45,annual,99
C0006460,2026-06-29 07:42:33,monthly,12
C0023031,2026-06-29 07:46:23,annual,99
C0015103,2026-06-29 07:56:35,monthly,12
C0002164,2026-06-29 08:05:05,monthly,12
C0029690,2026-06-29 08:30:54,monthly,12
C0033109,2026-06-29 08:55:31,annual,99
C0013310,2026-06-29 09:16:05,monthly,12
C0017459,2026-06-29 09:21:15,annual,99
C0039126,2026-06-29 09:33:59,annual,99
C0032004,2026-06-29 10:03:25,annual,99
C0023376,2026-06-29 11:22:10,monthly,12
C0035780,2026-06-29 11:53:40,monthly,12
C0015819,2026-06-29 11:59:22,annual,99
C0007373,2026-06-29 13:28:02,annual,99
C0023736,2026-06-29 14:03:58,monthly,12
C0021175,2026-06-29 15:10:29,annual,99
C0033678,2026-06-29 15:31:43,monthly,12
C0000434,2026-06-29 16:02:55,annual,99
C0028169,2026-06-29 16:14:37,monthly,12
C0016269,2026-06-29 16:15:00,monthly,12
C0023432,2026-06-29 17:09:04,monthly,12
C0006494,2026-06-29 17:11:48,monthly,12
C0015394,2026-06-29 17:27:52,annual,99
C0011427,2026-06-29 18:34:07,annual,99
C0023358,2026-06-29 18:49:34,monthly,12
C0027263,2026-06-29 19:17:12,monthly,12
C0001522,2026-06-29 19:30:24,monthly,12
C0032763,2026-06-29 20:07:40,annual,99
C0035028,2026-06-29 20:25:01,annual,99
C0038053,2026-06-29 20:32:05,monthly,12
C0026513,2026-06-29 20:37:07,annual,99
C0001623,2026-06-29 20:44:25,annual,99
C0036275,2026-06-29 21:12:32,annual,99
C0001698,2026-06-29 21:13:43,annual,99
C0016772,2026-06-29 21:18:58,annual,99
C0017062,2026-06-29 21:38:59,annual,99
C0001026,2026-06-29 22:01:55,annual,99
C0002994,2026-06-29 22:15:15,annual,99
C0016747,2026-06-29 22:40:50,annual,99
C0035527,2026-06-29 23:08:05,monthly,12
C0032707,2026-06-29 23:20:42,annual,99
C0039293,2026-06-29 23:45:36,annual,99
C0011700,2026-06-30 00:01:04,monthly,12
C0017100,2026-06-30 00:05:34,annual,99
C0028247,2026-06-30 00:12:29,monthly,12
C0020586,2026-06-30 00:22:36,annual,99
C0033035,2026-06-30 00:42:56,annual,99
C0001007,2026-06-30 00:43:51,annual,99
C0004366,2026-06-30 01:21:48,annual,99
C0013298,2026-06-30 01:35:53,annual,99
C0039118,2026-06-30 01:57:40,annual,99
C0003001,2026-06-30 03:11:52,annual,99
C0024243,2026-06-30 03:31:17,annual,99
C0027999,2026-06-30 03:36:58,monthly,12
C0020424,2026-06-30 03:53:55,monthly,12
C0012021,2026-06-30 03:57:11,annual,99
C0023306,2026-06-30 04:26:07,annual,99
C0025087,2026-06-30 05:39:59,annual,99
C0004594,2026-06-30 07:02:01,annual,99
C0034955,2026-06-30 07:22:25,annual,99
C0031457,2026-06-30 07:42:24,monthly,12
C0000708,2026-06-30 08:02:32,monthly,12
C0039658,2026-06-30 08:21:53,monthly,12
C0003757,2026-06-30 08:22:29,monthly,12
C0002072,2026-06-30 08:37:46,annual,99
C0025040,2026-06-30 08:39:36,monthly,12
C0008380,2026-06-30 09:30:13,annual,99
C0009322,2026-06-30 09:32:55,annual,99
C0005519,2026-06-30 09:41:23,monthly,12
C0033452,2026-06-30 10:48:28,annual,99
C0011138,2026-06-30 11:00:33,monthly,12
C0013279,2026-06-30 11:06:21,monthly,12
C0011150,2026-06-30 11:08:18,annual,99
C0018130,2026-06-30 11:13:23,monthly,12
C0031467,2026-06-30 11:51:44,monthly,12
C0022399,2026-06-30 11:59:21,annual,99
C0005111,2026-06-30 12:08:26,annual,99
C0022137,2026-06-30 12:08:55,annual,99
C0006140,2026-06-30 12:37:59,monthly,12
C0024540,2026-06-30 12:56:25,annual,99
C0037413,2026-06-30 13:10:04,monthly,12
C0002868,2026-06-30 13:16:52,monthly,12
C0025452,2026-06-30 13:30:23,annual,99
C0017710,2026-06-30 13:46:39,monthly,12
C0026894,2026-06-30 14:29:48,annual,99
C0020055,2026-06-30 14:44:27,monthly,12
C0034702,2026-06-30 14:49:03,annual,99
C0014964,2026-06-30 14:52:33,annual,99
C0014854,2026-06-30 15:19:13,monthly,12
C0001034,2026-06-30 15:29:06,monthly,12
C0002326,2026-06-30 15:35:24,monthly,12
C0037809,2026-06-30 15:39:31,annual,99
C0015908,2026-06-30 16:35:13,monthly,12
C0029115,2026-06-30 16:36:35,monthly,12
C0028643,2026-06-30 17:17:20,annual,99
C0002080,2026-06-30 17:29:32,monthly,12
C0009481,2026-06-30 17:43:01,monthly,12
C0023069,2026-06-30 17:48:09,annual,99
C0038540,2026-06-30 17:53:44,annual,99
C0017215,2026-06-30 18:07:04,annual,99
C0005839,2026-06-30 18:09:14,monthly,12
C0022650,2026-06-30 18:34:01,monthly,12
C0023301,2026-06-30 18:50:35,monthly,12
C0025399,2026-06-30 19:00:24,annual,99
C0007194,2026-06-30 19:03:04,annual,99
C0031095,2026-06-30 19:41:43,monthly,12
C0021572,2026-06-30 19:49:07,annual,99
C0022760,2026-06-30 20:29:01,annual,99
C0007823,2026-06-30 20:40:28,monthly,12
C0007499,2026-06-30 21:11:43,annual,99
C0036443,2026-06-30 22:04:51,monthly,12
C0003821,2026-06-30 23:01:05,monthly,12
C0017997,2026-06-30 23:16:28,annual,99
C0000450,2026-06-30 23:59:59,monthly,12
C0001007,2026-06-30 23:59:59,monthly,12
C0001125,2026-06-30 23:59:59,annual,99
C0001697,2026-06-30 23:59:59,annual,99
C0001698,2026-06-30 23:59:59,monthly,12
C0001748,2026-06-30 23:59:59,monthly,12
C0001822,2026-06-30 23:59:59,monthly,12
C0001891,2026-06-30 23:59:59,annual,99
C0001932,2026-06-30 23:59:59,annual,99
C0002292,2026-06-30 23:59:59,monthly,12
C0002308,2026-06-30 23:59:59,annual,99
C0002331,2026-06-30 23:59:59,monthly,12
C0002620,2026-06-30 23:59:59,monthly,12
C0002779,2026-06-30 23:59:59,annual,99
C0003142,2026-06-30 23:59:59,annual,99
C0003158,2026-06-30 23:59:59,monthly,12
C0003795,2026-06-30 23:59:59,monthly,12
C0003952,2026-06-30 23:59:59,monthly,12
C0004045,2026-06-30 23:59:59,annual,99
C0004406,2026-06-30 23:59:59,monthly,12
C0004608,2026-06-30 23:59:59,monthly,12
C0004625,2026-06-30 23:59:59,annual,99
C0004632,2026-06-30 23:59:59,monthly,12
C0005362,2026-06-30 23:59:59,annual,99
C0005781,2026-06-30 23:59:59,annual,99
C0005858,2026-06-30 23:59:59,monthly,12
C0006396,2026-06-30 23:59:59,annual,99
C0006566,2026-06-30 23:59:59,monthly,12
C0006730,2026-06-30 23:59:59,monthly,12
C0006790,2026-06-30 23:59:59,annual,99
C0006890,2026-06-30 23:59:59,annual,99
C0007025,2026-06-30 23:59:59,annual,99
C0007294,2026-06-30 23:59:59,annual,99
C0007431,2026-06-30 23:59:59,annual,99
C0007490,2026-06-30 23:59:59,monthly,12
C0007929,2026-06-30 23:59:59,annual,99
C0008217,2026-06-30 23:59:59,monthly,12
C0008353,2026-06-30 23:59:59,annual,99
C0008422,2026-06-30 23:59:59,monthly,12
C0008431,2026-06-30 23:59:59,monthly,12
C0008479,2026-06-30 23:59:59,monthly,12
C0008637,2026-06-30 23:59:59,monthly,12
C0008831,2026-06-30 23:59:59,monthly,12
C0008836,2026-06-30 23:59:59,monthly,12
C0008837,2026-06-30 23:59:59,monthly,12
C0009091,2026-06-30 23:59:59,annual,99
C0009394,2026-06-30 23:59:59,annual,99
C0009482,2026-06-30 23:59:59,monthly,12
C0009663,2026-06-30 23:59:59,monthly,12
C0009790,2026-06-30 23:59:59,monthly,12
C0009863,2026-06-30 23:59:59,annual,99
C0009954,2026-06-30 23:59:59,monthly,12
C0010158,2026-06-30 23:59:59,annual,99
C0010188,2026-06-30 23:59:59,annual,99
C0010210,2026-06-30 23:59:59,annual,99
C0010258,2026-06-30 23:59:59,monthly,12
C0010324,2026-06-30 23:59:59,monthly,12
C0010463,2026-06-30 23:59:59,annual,99
C0010508,2026-06-30 23:59:59,monthly,12
C0010546,2026-06-30 23:59:59,annual,99
C0010700,2026-06-30 23:59:59,monthly,12
C0010724,2026-06-30 23:59:59,annual,99
C0011100,2026-06-30 23:59:59,monthly,12
C0011217,2026-06-30 23:59:59,annual,99
C0011273,2026-06-30 23:59:59,monthly,12
C0011972,2026-06-30 23:59:59,annual,99
C0012060,2026-06-30 23:59:59,monthly,12
C0012071,2026-06-30 23:59:59,monthly,12
C0012429,2026-06-30 23:59:59,monthly,12
C0012469,2026-06-30 23:59:59,annual,99
C0012616,2026-06-30 23:59:59,annual,99
C0012728,2026-06-30 23:59:59,monthly,12
C0012787,2026-06-30 23:59:59,monthly,12
C0012820,2026-06-30 23:59:59,monthly,12
C0013061,2026-06-30 23:59:59,annual,99
C0013295,2026-06-30 23:59:59,annual,99
C0013945,2026-06-30 23:59:59,annual,99
C0013956,2026-06-30 23:59:59,annual,99
C0014023,2026-06-30 23:59:59,annual,99
C0014108,2026-06-30 23:59:59,monthly,12
C0014131,2026-06-30 23:59:59,monthly,12
C0014307,2026-06-30 23:59:59,monthly,12
C0014400,2026-06-30 23:59:59,annual,99
C0014427,2026-06-30 23:59:59,monthly,12
C0014468,2026-06-30 23:59:59,monthly,12
C0014516,2026-06-30 23:59:59,annual,99
C0014566,2026-06-30 23:59:59,annual,99
C0015081,2026-06-30 23:59:59,annual,99
C0015212,2026-06-30 23:59:59,annual,99
C0015306,2026-06-30 23:59:59,annual,99
C0015356,2026-06-30 23:59:59,annual,99
C0015381,2026-06-30 23:59:59,monthly,12
C0015406,2026-06-30 23:59:59,annual,99
C0015447,2026-06-30 23:59:59,monthly,12
C0015759,2026-06-30 23:59:59,monthly,12
C0015805,2026-06-30 23:59:59,annual,99
C0015819,2026-06-30 23:59:59,monthly,12
C0015824,2026-06-30 23:59:59,annual,99
C0015883,2026-06-30 23:59:59,monthly,12
C0015907,2026-06-30 23:59:59,monthly,12
C0015944,2026-06-30 23:59:59,monthly,12
C0016022,2026-06-30 23:59:59,annual,99
C0016060,2026-06-30 23:59:59,monthly,12
C0016231,2026-06-30 23:59:59,monthly,12
C0016263,2026-06-30 23:59:59,monthly,12
C0016303,2026-06-30 23:59:59,monthly,12
C0016827,2026-06-30 23:59:59,annual,99
C0016885,2026-06-30 23:59:59,annual,99
C0016935,2026-06-30 23:59:59,monthly,12
C0017062,2026-06-30 23:59:59,monthly,12
C0017192,2026-06-30 23:59:59,annual,99
C0017287,2026-06-30 23:59:59,monthly,12
C0017307,2026-06-30 23:59:59,monthly,12
C0017388,2026-06-30 23:59:59,monthly,12
C0017810,2026-06-30 23:59:59,annual,99
C0018261,2026-06-30 23:59:59,annual,99
C0018390,2026-06-30 23:59:59,monthly,12
C0018407,2026-06-30 23:59:59,annual,99
C0018728,2026-06-30 23:59:59,monthly,12
C0018814,2026-06-30 23:59:59,annual,99
C0018858,2026-06-30 23:59:59,annual,99
C0019054,2026-06-30 23:59:59,annual,99
C0019153,2026-06-30 23:59:59,monthly,12
C0019182,2026-06-30 23:59:59,annual,99
C0019358,2026-06-30 23:59:59,annual,99
C0019443,2026-06-30 23:59:59,monthly,12
C0019511,2026-06-30 23:59:59,annual,99
C0019577,2026-06-30 23:59:59,annual,99
C0019612,2026-06-30 23:59:59,monthly,12
C0019765,2026-06-30 23:59:59,annual,99
C0019905,2026-06-30 23:59:59,annual,99
C0020188,2026-06-30 23:59:59,monthly,12
C0020339,2026-06-30 23:59:59,monthly,12
C0020341,2026-06-30 23:59:59,annual,99
C0020454,2026-06-30 23:59:59,monthly,12
C0020460,2026-06-30 23:59:59,annual,99
C0020494,2026-06-30 23:59:59,monthly,12
C0020517,2026-06-30 23:59:59,annual,99
C0020568,2026-06-30 23:59:59,monthly,12
C0020735,2026-06-30 23:59:59,annual,99
C0020886,2026-06-30 23:59:59,annual,99
C0020939,2026-06-30 23:59:59,annual,99
C0020993,2026-06-30 23:59:59,monthly,12
C0021046,2026-06-30 23:59:59,annual,99
C0021133,2026-06-30 23:59:59,annual,99
C0021177,2026-06-30 23:59:59,monthly,12
C0021329,2026-06-30 23:59:59,annual,99
C0021439,2026-06-30 23:59:59,monthly,12
C0021587,2026-06-30 23:59:59,annual,99
C0021692,2026-06-30 23:59:59,monthly,12
C0021749,2026-06-30 23:59:59,monthly,12
C0021799,2026-06-30 23:59:59,annual,99
C0021908,2026-06-30 23:59:59,monthly,12
C0022527,2026-06-30 23:59:59,annual,99
C0022675,2026-06-30 23:59:59,monthly,12
C0022726,2026-06-30 23:59:59,annual,99
C0022730,2026-06-30 23:59:59,annual,99
C0022791,2026-06-30 23:59:59,monthly,12
C0022816,2026-06-30 23:59:59,monthly,12
C0022930,2026-06-30 23:59:59,monthly,12
C0023012,2026-06-30 23:59:59,annual,99
C0023071,2026-06-30 23:59:59,monthly,12
C0023225,2026-06-30 23:59:59,monthly,12
C0023272,2026-06-30 23:59:59,annual,99
C0023296,2026-06-30 23:59:59,monthly,12
C0023358,2026-06-30 23:59:59,annual,99
C0023458,2026-06-30 23:59:59,annual,99
C0023494,2026-06-30 23:59:59,monthly,12
C0023736,2026-06-30 23:59:59,monthly,12
C0023765,2026-06-30 23:59:59,monthly,12
C0024111,2026-06-30 23:59:59,annual,99
C0024303,2026-06-30 23:59:59,monthly,12
C0024312,2026-06-30 23:59:59,annual,99
C0024406,2026-06-30 23:59:59,annual,99
C0024995,2026-06-30 23:59:59,monthly,12
C0025146,2026-06-30 23:59:59,annual,99
C0025254,2026-06-30 23:59:59,monthly,12
C0025277,2026-06-30 23:59:59,annual,99
C0025337,2026-06-30 23:59:59,annual,99
C0025378,2026-06-30 23:59:59,monthly,12
C0026003,2026-06-30 23:59:59,annual,99
C0026091,2026-06-30 23:59:59,monthly,12
C0026182,2026-06-30 23:59:59,monthly,12
C0026186,2026-06-30 23:59:59,annual,99
C0026353,2026-06-30 23:59:59,monthly,12
C0026450,2026-06-30 23:59:59,annual,99
C0026725,2026-06-30 23:59:59,monthly,12
C0026779,2026-06-30 23:59:59,annual,99
C0026885,2026-06-30 23:59:59,monthly,12
C0026966,2026-06-30 23:59:59,annual,99
C0027007,2026-06-30 23:59:59,annual,99
C0027709,2026-06-30 23:59:59,monthly,12
C0027739,2026-06-30 23:59:59,annual,99
C0027900,2026-06-30 23:59:59,monthly,12
C0027994,2026-06-30 23:59:59,annual,99
C0028093,2026-06-30 23:59:59,monthly,12
C0028303,2026-06-30 23:59:59,monthly,12
C0028317,2026-06-30 23:59:59,monthly,12
C0028335,2026-06-30 23:59:59,monthly,12
C0028426,2026-06-30 23:59:59,annual,99
C0028598,2026-06-30 23:59:59,annual,99
C0028675,2026-06-30 23:59:59,annual,99
C0028803,2026-06-30 23:59:59,annual,99
C0028839,2026-06-30 23:59:59,annual,99
C0028960,2026-06-30 23:59:59,monthly,12
C0028968,2026-06-30 23:59:59,monthly,12
C0028992,2026-06-30 23:59:59,monthly,12
C0029047,2026-06-30 23:59:59,monthly,12
C0029063,2026-06-30 23:59:59,annual,99
C0029102,2026-06-30 23:59:59,annual,99
C0029290,2026-06-30 23:59:59,annual,99
C0029321,2026-06-30 23:59:59,annual,99
C0029356,2026-06-30 23:59:59,annual,99
C0029451,2026-06-30 23:59:59,monthly,12
C0029579,2026-06-30 23:59:59,monthly,12
C0029693,2026-06-30 23:59:59,monthly,12
C0029711,2026-06-30 23:59:59,annual,99
C0029926,2026-06-30 23:59:59,annual,99
C0029964,2026-06-30 23:59:59,annual,99
C0030231,2026-06-30 23:59:59,monthly,12
C0030235,2026-06-30 23:59:59,annual,99
C0030268,2026-06-30 23:59:59,annual,99
C0030388,2026-06-30 23:59:59,monthly,12
C0030564,2026-06-30 23:59:59,annual,99
C0030764,2026-06-30 23:59:59,monthly,12
C0030778,2026-06-30 23:59:59,annual,99
C0030806,2026-06-30 23:59:59,monthly,12
C0030974,2026-06-30 23:59:59,annual,99
C0031178,2026-06-30 23:59:59,annual,99
C0031457,2026-06-30 23:59:59,annual,99
C0031577,2026-06-30 23:59:59,annual,99
C0031630,2026-06-30 23:59:59,annual,99
C0031636,2026-06-30 23:59:59,monthly,12
C0031672,2026-06-30 23:59:59,annual,99
C0032053,2026-06-30 23:59:59,annual,99
C0032060,2026-06-30 23:59:59,annual,99
C0032213,2026-06-30 23:59:59,annual,99
C0032584,2026-06-30 23:59:59,monthly,12
C0032628,2026-06-30 23:59:59,annual,99
C0032674,2026-06-30 23:59:59,annual,99
C0032707,2026-06-30 23:59:59,annual,99
C0032733,2026-06-30 23:59:59,monthly,12
C0032818,2026-06-30 23:59:59,annual,99
C0033041,2026-06-30 23:59:59,annual,99
C0033073,2026-06-30 23:59:59,monthly,12
C0033078,2026-06-30 23:59:59,annual,99
C0033284,2026-06-30 23:59:59,annual,99
C0033390,2026-06-30 23:59:59,monthly,12
C0033423,2026-06-30 23:59:59,annual,99
C0033485,2026-06-30 23:59:59,annual,99
C0033664,2026-06-30 23:59:59,monthly,12
C0033880,2026-06-30 23:59:59,monthly,12
C0034528,2026-06-30 23:59:59,annual,99
C0034814,2026-06-30 23:59:59,annual,99
C0034934,2026-06-30 23:59:59,monthly,12
C0035204,2026-06-30 23:59:59,annual,99
C0035669,2026-06-30 23:59:59,monthly,12
C0035728,2026-06-30 23:59:59,annual,99
C0035873,2026-06-30 23:59:59,monthly,12
C0035890,2026-06-30 23:59:59,annual,99
C0035905,2026-06-30 23:59:59,annual,99
C0035912,2026-06-30 23:59:59,monthly,12
C0036017,2026-06-30 23:59:59,annual,99
C0036081,2026-06-30 23:59:59,annual,99
C0036109,2026-06-30 23:59:59,annual,99
C0036242,2026-06-30 23:59:59,monthly,12
C0036301,2026-06-30 23:59:59,monthly,12
C0036373,2026-06-30 23:59:59,annual,99
C0036375,2026-06-30 23:59:59,annual,99
C0036541,2026-06-30 23:59:59,monthly,12
C0036651,2026-06-30 23:59:59,annual,99
C0036719,2026-06-30 23:59:59,annual,99
C0036743,2026-06-30 23:59:59,monthly,12
C0036938,2026-06-30 23:59:59,monthly,12
C0037017,2026-06-30 23:59:59,annual,99
C0037125,2026-06-30 23:59:59,monthly,12
C0037356,2026-06-30 23:59:59,monthly,12
C0037425,2026-06-30 23:59:59,annual,99
C0037460,2026-06-30 23:59:59,monthly,12
C0037537,2026-06-30 23:59:59,monthly,12
C0037560,2026-06-30 23:59:59,monthly,12
C0037579,2026-06-30 23:59:59,monthly,12
C0037592,2026-06-30 23:59:59,annual,99
C0037631,2026-06-30 23:59:59,monthly,12
C0037649,2026-06-30 23:59:59,monthly,12
C0037877,2026-06-30 23:59:59,monthly,12
C0038115,2026-06-30 23:59:59,monthly,12
C0038211,2026-06-30 23:59:59,monthly,12
C0038252,2026-06-30 23:59:59,monthly,12
C0038344,2026-06-30 23:59:59,monthly,12
C0038350,2026-06-30 23:59:59,annual,99
C0038435,2026-06-30 23:59:59,annual,99
C0038525,2026-06-30 23:59:59,monthly,12
C0038900,2026-06-30 23:59:59,monthly,12
C0039044,2026-06-30 23:59:59,monthly,12
C0039087,2026-06-30 23:59:59,annual,99
C0039156,2026-06-30 23:59:59,monthly,12
C0039579,2026-06-30 23:59:59,annual,99
C0039665,2026-06-30 23:59:59,monthly,12
C0039834,2026-06-30 23:59:59,annual,99
C0039917,2026-06-30 23:59:59,annual,99
C0039972,2026-06-30 23:59:59,annual,99
